Workbook

Sheet COMANDI
A1: NOME COMANDO | B1: CODICE CMD H (hex) | C1: CODICE CMD L (hex) | D1: DATI AGGIUNTIVI
A2: Versione protocollo | B2: 0 | C2: 0
A3: Versione protocollo risposta | B3: 80 | C3: 0 | D3: VersioneH | E3: VersioneL
A4: Leggi variabile logica | B4: 0 | C4: 1 | D4: IndirizzoH | E4: IndirizzoL
A5: Leggi variabile logica risposta | B5: 80 | C5: 1 | D5: IndirizzoH | E5: IndirizzoL | F5: Valori di dimensione come da dizionario dati
A6: Scrivi variabile logica | B6: 0 | C6: 2 | D6: IndirizzoH | E6: IndirizzoL | F6: Valori di dimensione come da dizionario dati
A7: Scrivi variabile logica risposta | B7: 80 | C7: 2 | D7: IndirizzoH | E7: IndirizzoL
A8: Leggi range di variabili | B8: 0 | C8: 3 | D8: IndirizzoInizialeH | E8: IndirizzoInizialeL | F8: NumeroVariabiliH | G8: NumeroVariabiliL
A9: Leggi range di variabili risposta | B9: 80 | C9: 3 | D9: IndirizzoInizialeH | E9: IndirizzoInizialeL | F9: NumeroVariabiliH | G9: NumeroVariabiliH | H9: Valori di dimensione come da NumeroVariabiliHL
A10: Scrivi area di memoria fisica | B10: 0 | C10: 4 | D10: IndirizzoH | E10: IndirizzoL | F10: DimensioneArrayH | G10: DimensioneArrayL | H10: Valori di dimensione come da DimensioneArrayHL
A11: Scrivi area di memoria fisica risposta | B11: 80 | C11: 4 | D11: IndirizzoH | E11: IndirizzoL | F11: DimensioneArrayH | G11: DimensioneArrayL
A12: Bootloader avvio procedura | B12: 0 | C12: 5
A13: Bootloader avvio procedura risposta | B13: 80 | C13: 5 | D13: Risultato (0 = ok, != 0 codice errore)
A14: Bootloader fine procedura | B14: 0 | C14: 6
A15: Bootloader fine procedura risposta | B15: 80 | C15: 6 | D15: Risultato (0 = ok, != 0 codice errore)
A16: Bootloader update pagina di memoria | B16: 0 | C16: 7 | D16: FwTypeH | E16: FwTypeL | F16: NumeroPaginaHH | G16: NumeroPaginaHL | H16: NumeroPaginaLH | I16: NumeroPaginaLL | J16: DimensionePaginaHH | K16: DimensionePaginaHL | L16: DimensionePaginaLH | M16: DimensionePaginaLL | N16: ReservedHH | O16: ReservedHL | P16: ReservedLH | Q16: ReservedLL | R16: Valori di dimensione come da DimensionePaginaHL
A17: Bootloader update pagina di memoria risposta | B17: 80 | C17: 7 | D17: FwTypeH | E17: FwTypeL | F17: NumeroPaginaHH | G17: NumeroPaginaHL | H17: NumeroPaginaLH | I17: NumeroPaginaLL | J17: DimensionePaginaHH | K17: DimensionePaginaHL | L17: DimensionePaginaLH | M17: DimensionePaginaLL | N17: ReservedHH | O17: ReservedHL | P17: ReservedLH | Q17: ReservedLL | R17: Risultato (0=ok, !=0 codice errore)
A18: Avvia macchina | B18: 0 | C18: 8
A19: Avvia macchina risposta | B19: 80 | C19: 8 | D19: Risultato (0 = ok, != 0 codice errore)
A20: Ferma macchina | B20: 0 | C20: 9
A21: Ferma macchina risposta | B21: 80 | C21: 9 | D21: Risultato (0 = ok, != 0 codice errore)
A22: Riavvio dispositivo | B22: 0 | C22: A
A23: Riavvio dispositivo risposta | B23: 80 | C23: A
A24: Unlock caratteristica BLE | B24: 0 | C24: B
A25: Lock caratteristica BLE | B25: 0 | C25: C
A26: Up da telecomando | B26: 0 | C26: D | D26: Stato (0 = rilasciato, 1 = premuto)
A27: Down da telecomando | B27: 0 | C27: E | D27: Stato (0 = rilasciato, 1 = premuto)
A28: Inizio Apprendimento | B28: 0 | C28: F
A29: Inizio Apprendimento Risposta | B29: 80 | C29: F | D29: Risultato (0 = ok, != 0 codice errore)
A30: Salva Posizione | B30: 0 | C30: 10 | D30: Direzione (1 = scarico, 2 = carico, 3=entrambe) | E30: Fermati? (0 = no, 1 = si)
A31: Salva Posizione Risposta | B31: 80 | C31: 10 | D31: Risultato (0 = ok, != 0 codice errore)
A32: Fine Apprendimento | B32: 0 | C32: 11
A33: Fine Apprendimento Risposta | B33: 80 | C33: 11 | D33: Risultato (0 = ok, != 0 codice errore)
A34: Comanda Piano | B34: 0 | C34: 12 | D34: Muovi (0 = no, 1 = si) | E34: AngoloHH | F34: AngoloH | G34: AngoloLH | H34: AngoloLL
A35: Comanda Piano Risposta | B35: 80 | C35: 12 | D35: Risultato (0 = ok, != 0 non può muoversi)
A36: Abilita pairing mode client BLE | B36: 0 | C36: 13 | D36: Device Name[0] | E36: Device Name[1] | F36: Device Name[2] | G36: Device Name[3] | H36: Device Name[4] | I36: Device Name[5] | J36: Device Name[6] | K36: Device Name[7] | L36: Device Name[8] | M36: Device Name[9]
A37: Disabilita pairing mode client BLE | B37: 0 | C37: 14
A38: Configura telemetria | B38: 0 | C38: 15 | D38: Tipo telemetria HH: il tipo è un codice univoco deciso dall'amministratore tramite portale all'atto del configurare la telemetria e viene usato per la decodifica dei dati binari | E38: Tipo telemetria HL | F38: Tipo telemetria LH | G38: Tipo telemetria LL | H38: Indirizzo Destinazione HH Inddirizzo del protocollo Stema cui inviare i messaggi di telemetria | I38: Indirizzo Destinazione HL | J38: Indirizzo Destinazione LH | K38: Indirizzo Destinazione LL | L38: Istanza Telemetria: è il numero del task in cui faccio girare questa configurazione di telemetria | M38: Periodo ms H | N38: Periodo ms L | O38: Indirizzo Scheda HH (normalmente è l'indirizzo della scheda da cui prelevi, ma potrebbe essere anche quello di un'altra) | P38: Indirizzo Scheda HL | Q38: Indirizzo Scheda LH | R38: Indirizzo Scheda LL | S38: Indirizzo Logico Data1 H | T38: Indirizzo Logico Data1 L | U38: … | V38: Indirizzo Logico Data8 H (Il numero di variabili è dinamico e al massimo vale SP_TEL_N_VARS che viene configurato nel firmware) | W38: Indirizzo Logico Data8 L
A39: Imposta telemetria Risposta | B39: 80 | C39: 15
A40: Start telemetria | B40: 0 | C40: 16 | D40: Istanza telemetria (è il numero del task o della tabella eeprom da attivare in lettura)
A41: Start telemetria Risposta | B41: 80 | C41: 16
A42: Stop telemetria | B42: 0 | C42: 17 | D42: Istanza telemetria (è il numero del task o della tabella eeprom da attivare in lettura)
A43: Stop telemetria Risposta | B43: 80 | C43: 17
A44: Pacchetto di Telemetria | B44: 0 | C44: 18 | D44: Tipo telemetria HH: il tipo è un codice univoco deciso dall'amministratore tramite portale all'atto del configurare la telemetria e viene usato per la decodifica dei dati binari | E44: Tipo telemetria HL | F44: Tipo telemetria LH | G44: Tipo telemetria LL | H44: Dati in little endian | I44: (viene inviato dall'unità al master periodicamente quando si attiva la telemetria)
A45: Configura log | B45: 0 | C45: 19 | D45: Tipo log HH: il tipo è un codice univoco deciso dall'amministratore tramite portale all'atto del configurare il log e viene usato per la decodifica dei dati binari dei record | E45: Tipo log HL | F45: Tipo log LH | G45: Tipo log LL | H45: Istanza log: una macchina può gestire più istanze di datalogger | J45: Indirizzo Scheda Evento HL | K45: Indirizzo Scheda Evento LH | L45: Indirizzo Scheda Evento LL | M45: Indirizzo Logico Evento H | N45: Indirizzo Logico Evento L | O45: Soglia Evento HH | P45: Soglia Evento HL | Q45: Soglia Evento LH | R45: Soglia Evento LL | S45: Tipo trigger | T45: Direzione trigger | U45: Periodo ms H | V45: Periodo ms L | W45: Indirizzo Scheda HH | X45: Indirizzo Scheda HL | Y45: Indirizzo Scheda LH | Z45: Indirizzo Scheda LL | AA45: Indirizzo Logico Data1 H | AB45: Indirizzo Logico Data1 L | AC45: … | AD45: Indirizzo Logico Data8 H | AE45: Indirizzo Logico Data8 L
A46: Start log | B46: 0 | C46: 1A | D46: Istanza log
A47: Start log Risposta | B47: 80 | C47: 1A
A48: Stop log | B48: 0 | C48: 1B | D48: Istanza log
A49: Stop log Risposta | B49: 80 | C49: 1B
A50: Richiesta log | B50: 0 | C50: 1C | D50: Index HH: l'indice è un codice univoco incrementale nella macchina che viene assegnato ai vari record | E50: Index HL | F50: Index LH | G50: Index LL
A51: Richiesta log Risposta | B51: 80 | C51: 1C | D51: Index HH | E51: Index HL | F51: Index LH | G51: Index LL | H51: Tipo log HH | I51: Tipo log HL | J51: Tipo log LH | K51: Tipo log LL | L51: Timestamp HH | M51: Timestamp HL | N51: Timestamp LH | O51: Timestamp LL | P51: Dati
A52: Stato connessione client BLE | B52: 0 | C52: 1D
A53: Stato connessione client BLE Risposta | B53: 80 | C53: 1D | D53: Stato (0 = non connesso, 1 = connesso) | E53: RSSI connessione
A54: Connessione BLE | B54: 0 | C54: 1E
A55: Richiesta configurazione attuale log | B55: 0 | C55: 1F | D55: Istanza log
A56: Richiesta configurazione attuale log risposta | B56: 80 | C56: 1F | D56: Tipo log HH: il tipo è un codice univoco deciso dall'amministratore tramite portale all'atto del configurare il log e viene usato per la decodifica dei dati binari dei record | E56: Tipo log HL | F56: Tipo log LH | G56: Tipo log LL | H56: Istanza log: una macchina può gestire più istanze di datalogger | I56: Indirizzo Scheda Evento HH | J56: Indirizzo Scheda Evento HL | K56: Indirizzo Scheda Evento LH | L56: Indirizzo Scheda Evento LL | M56: Indirizzo Logico Evento H | N56: Indirizzo Logico Evento L | O56: Soglia Evento HH | P56: Soglia Evento HL | Q56: Soglia Evento LH | R56: Soglia Evento LL | S56: Tipo trigger | T56: Direzione trigger | U56: Periodo ms H | V56: Periodo ms L | W56: Indirizzo Scheda HH | X56: Indirizzo Scheda HL | Y56: Indirizzo Scheda LH | Z56: Indirizzo Scheda LL | AA56: Indirizzo Logico Data1 H | AB56: Indirizzo Logico Data1 L | AC56: … | AD56: Indirizzo Logico Data8 H | AE56: Indirizzo Logico Data8 L
A57: Richiesta info fat log | B57: 0 | C57: 20 | D57: Istanza log
A58: Richiesta info fat log risposta (log usati, indice primo,etc) | B58: 80 | C58: 20 | D58: Usati HH | E58: Usati HL | F58: Usati LH | G58: Usati LL | H58: Primo HH | I58: Primo HL | J58: Primo LH | K58: Primo LL | L58: Ultimo HH | M58: Ultimo HL | N58: Ultimo LH | O58: Ultimo LL
A59: Inizia sessione dati per gateway | B59: 0 | C59: 21
A60: Termina sessione dati per gateway | B60: 0 | C60: 22
A61: Ind. Aut. chi siete | B61: 0 | C61: 23 | D61: IdMachineType | E61: IdFWType_H | F61: IdFWType_L
A62: Ind. Aut. chi sono | B62: 0 | C62: 24 | D62: IdMachineType | E62: IdFWType_H | F62: IdFWType_L | G62: ID0_ HH | H62: ID0_ H | I62: ID0_ L | J62: ID0_ LL | K62: ID1_ HH | L62: ID1_ H | M62: ID1_ L | N62: ID1_ LL | O62: ID2_ HH | P62: ID2_ H | Q62: ID2_ L | R62: ID2_ LL
A63: Ind. Aut. battezzati | B63: 0 | C63: =C62+1 -> 25 | D63: ID0_ HH | E63: ID0_ H | F63: ID0_ L | G63: ID0_ LL | H63: ID1_ HH | I63: ID1_ H | J63: ID1_ L | K63: ID1_ LL | L63: ID2_ HH | M63: ID2_ H | N63: ID2_ L | O63: ID2_ LL | P63: SP_Address_ HH | Q63: SP_Address_ H | R63: SP_Address_ LL | S63: SP_Address_ L
A64: Ind. Aut. risultato battezzamento | B64: 0 | C64: =C63+1 -> 26 | D64: ID0_ HH | E64: ID0_ H | F64: ID0_ L | G64: ID0_ LL | H64: ID1_ HH | I64: ID1_ H | J64: ID1_ L | K64: ID1_ LL | L64: ID2_ HH | M64: ID2_ H | N64: ID2_ L | O64: ID2_ LL | P64: Risultato (0 = ok, != 0 codice errore)
A65: Ind. Aut. Start | B65: 0 | C65: =C64+1 -> 27 | D65: IdFWType_H | E65: IdFWType_L
A66: Up/Down da telecomando | B66: 0 | C66: 28 | D66: Stato (0 = rilasciato, 1 = premuto)

Sheet ESEMPI MESSAGGI COMANDI BLE
B3: 17 | C3: 0x24 | D3: 0x00 | E3: 0x41 | F3: 0x02 | G3: 0x06 | H3: 0x00 | I3: 0x00 | J3: 0x00 | K3: 0x05 | L3: 0x01 | M3: 0xC1 | N3: 0x00 | O3: 0x02 | P3: 0x00 | Q3: 0x0B | R3: 0xF7 | S3: 0x83
B4: 17 | C4: 0x24 | D4: 0x00 | E4: 0x41 | F4: 0x02 | G4: 0x06 | H4: 0x00 | I4: 0x00 | J4: 0x00 | K4: 0x05 | L4: 0x01 | M4: 0xC1 | N4: 0x00 | O4: 0x02 | P4: 0x00 | Q4: 0x0C | R4: 0x35 | S4: 0xC2
B5: 17 | C5: 0x24 | D5: 0x00 | E5: 0x41 | F5: 0x02 | G5: 0x06 | H5: 0x00 | I5: 0x00 | J5: 0x00 | K5: 0x05 | L5: 0x01 | M5: 0xC1 | N5: 0x00 | O5: 0x02 | P5: 0x00 | Q5: 0x14 | R5: 0x3F | S5: 0xC2
B6: 27 | C6: 0x30 | D6: 0x00 | E6: 0x41 | F6: 0x02 | G6: 0x06 | H6: 0x00 | I6: 0x00 | J6: 0x00 | K6: 0x05 | L6: 0x01 | M6: 0xC1 | N6: 0x00 | O6: 0x0C | P6: 0x00 | Q6: 0x13 | R6: 0x53 | S6: 0x68 | T6: 0x65 | U6: 0x72 | V6: 0x70 | W6: 0x61 | X6: 0x00 | Y6: 0xxx | Z6: 0xxx | AA6: 0xxx | AB6: 0xxx | AC6: 0xxx
B7: 17 | C7: 0x24 | D7: 0x00 | E7: 0x41 | F7: 0x02 | G7: 0x06 | H7: 0x00 | I7: 0x00 | J7: 0x00 | K7: 0x05 | L7: 0x02 | M7: 0x01 | N7: 0x00 | O7: 0x02 | P7: 0x00 | Q7: 0x1D | R7: CRC1 | S7: CRC2

Sheet DATI LOGICI
A1: NOME | B1: INDIRIZZO H (hex) | C1: INDIRIZZO L (hex) | D1: TIPO | E1: FORMATO | F1: MINIMO | G1: MASSIMO | H1: UNITA' DI MISURA | I1: R/W | N1: Ubicazione in App | O1: Nome in App | P1: Aspetto in App | Q1: Effetti in App
A2: DATI STANDARD | J2: SHERPA SLIM | K2: OPTIMUS | L2: GRADINO | M2: EDEN | R2: PACCHIO
A3: Firmware macchina | B3: 0 | C3: 0 | D3: uint16_t | E3: 255.255 | F3: 0 | G3: 255.255 | I3: R | N3: Intestazione Diagnostica 1 | O3: Versione Firmware globale | P3: Sottotitolo Riga elenco | Q3: Nessuno | R3: Dashboard
A4: Firmware scheda | B4: 0 | C4: 1 | D4: uint16_t | E4: 255.255 | F4: 0 | G4: 255.255 | I4: R | N4: Diagnostica | O4: Firmware "scheda" | P4: Riga elenco | Q4: Nessuno | R4: Dashboard
A5: Modello | B5: 0 | C5: 2 | D5: String[20] | I5: R | N5: Intestazione Diagnostica | O5: "Modello" | P5: Titolo Riga elenco | Q5: Nessuno | R5: Dashboard
A6: Matricola | B6: 0 | C6: 3 | D6: uint32_t | F6: 0 | G6: 4294967296 | I6: RW | N6: Intestazione Diagnostica 1 | O6: "Matricola" Numero di serie | P6: Titolo Riga elenco | Q6: Nessuno | R6: Dashboard
A7: Tipo scheda | B7: 0 | C7: 4 | D7: enum dipendente dalle macchine | I7: N | L7: Non Usato
A8: Stato | B8: 0 | C8: 5 | D8: 3*uint32_t | I8: R | J8: dword 0 : numero di riavvii dword 1: stato della macchina all'ultimo riavvio dword 2: tensione di bus all'ultimo riavvio | K8: Cosa si intende? | L8: 00 = UNDEFINED 01 = OPENING_CALIBRATION 02 = CLOSING_CALIBRATION 03 = RESETTING 04 = END_CLOSING 05 = IN_CLOSING 06 = END_OPENING 07 = IN_OPENING 08 = STOPPED 09 = IN_FAULT 10 = SLOWDOWN_CLOSING 11 = SLOWDOWN_OPENING
A9: Allarmi | B9: 0 | C9: 6 | D9: due word uint16_t bitmapped | I9: R | J9: word 0: allarmi: bit 0: fusibile aperto bit 1: sovracorrente bit 2: batteria scarica bit 3: errore motore (aperto) bit 4: errore encoder bit 5: errore CAN bit 6: temperatura scheda elevata bit 7: temperatura ponte elevata bit 8: errore freno bit 9: errore salvataggio posizione word 1: warnings: bit 0: batteria non originale bit 1: batteria bassa bit 2: batteria a fine vita bit 3: blocco motore bit 4: mancanza BLE bit 5: mancanza SM bus bit 6: sensore tensionamento bit 7: errore salvataggio posizione | K9: word 0: allarmi: bit 0: fusibile aperto bit 1: sovracorrente relè bit 2-6: sovracorrente EVx (5 bit) bit 7: batteria scarica bit 8: errore motore (aperto) bit 9-13: EVx aperta (5 bit) bit 14: temperatura uC elevata bit 15: temperatura ponte elevata word 1: warnings: bit 0: batteria veicolo bassa bit 1: mancanza BLE (se impostato presente) bit 2: errore CAN SOLO 2 WORD NON VA BENE | L9: word 0: allarmi: bit 0: fusibile aperto -> DA VERIFICARE! bit 1: sovracorrente relè -> DA VERIFICARE! bit 2-6: sovracorrente EVx (5 bit) -> DA VERIFICARE! bit 7: batteria scarica -> DA VERIFICARE! bit 8: errore motore (aperto) -> DA VERIFICARE! bit 9-13: EVx aperta (5 bit) -> DA VERIFICARE! bit 14: temperatura uC elevata -> DA VERIFICARE! bit 15: temperatura ponte elevata -> DA VERIFICARE! word 1: warnings: bit 0: gradino non completamente aperto bit 1: gradino non completamente chiuso bit 2: batteria veicolo bassa -> DA VERIFICARE! bit 3: mancanza BLE (se impostato presente) -> DA VERIFICARE! bit 4: errore CAN -> DA VERIFICARE! SOLO 2 WORD NON VA BENE | M9: ERRORI Sovratensione Batteria bassa Fusibile aperto Guasto motore Extracorrente motore Elettrovalvola n aperta Bobina EV n non commutata Errore comunicazione CAN n Errore comunicazione BLE Extratemperatura ponte Extratemperatura CPU Intervento costa sensibile AVVISI Urto | N9: Tile Allarmi | O9: Allarmi verificare nome per nome | P9: Sottotitolo in Tile Codice errore | Q9: Cambio colore Tile Apparizione simbolo triangolo Tile | R9: Tile Allarmi
A10: Comandi | B10: 0 | C10: 7 | D10: uint16_t | I10: N | L10: Non Usato | M10: COS'È?
A11: Temperatura scheda | B11: 0 | C11: 8 | D11: uint16_t | I11: R | K11: Temperatura uC se c'è nel Qorvo. | L11: Non Usato
A12: Secondi lavoro motore parziale | B12: 0 | C12: 9 | D12: uint32_t | I12: RW | K12: Motore o Relè a seconda che sia Optimus o Gradino. | L12: Motore | M12: QUESTA ROBA SECONDO ME NON VA NELLE UNIVERSALI | R12: Diagnostica
A13: Secondi lavoro motore totale | B13: 0 | C13: A | D13: uint32_t | I13: RW | K13: Motore o Relè a seconda che sia Optimus o Gradino. | L13: Motore | R13: Diagnostica
A14: Cicli complessivi parziale | B14: 0 | C14: B | D14: uint32_t | I14: RW | K14: Sgancio piano da tutto chiuso (o riaggancio). | L14: Non Usato | R14: Diagnostica
A15: Cicli complessivi totale | B15: 0 | C15: C | D15: uint32_t | I15: RW | K15: Sgancio piano da tutto chiuso (o riaggancio). | L15: Non Usato | R15: Diagnostica
A16: Cicli completi eseguiti parziale | B16: 0 | C16: D | D16: uint32_t | I16: RW | K16: Sgancio, apro tutto, inclino, raddrizzo, chiudo. | L16: Non Usato | R16: Diagnostica
A17: Cicli completi eseguiti totale | B17: 0 | C17: E | D17: uint32_t | I17: RW | K17: Sgancio, apro tutto, inclino, raddrizzo, chiudo. | L17: Non Usato | R17: Diagnostica
A18: Livello batteria | B18: 0 | C18: F | D18: uint16_t | I18: R | K18: Batteria del veicolo. | L18: Non Usato | R18: Diagnostica
A19: Salute batteria | B19: 0 | C19: 10 | D19: uint16_t | I19: R | L19: Non Usato | R19: Diagnostica
A20: Cicli batteria | B20: 0 | C20: 11 | D20: uint16_t | I20: R | L20: Non Usato | R20: Diagnostica
A21: Temperatura batteria | B21: 0 | C21: 12 | D21: int16_t | I21: R | J21: E' in decimi di grado, va divisa per 10 | L21: Non Usato | R21: Diagnostica
A22: BatteryFirmware | B22: 0 | C22: 13 | D22: uint32_t | I22: R | J22: non attivo | L22: Non Usato
A23: BatterySerial | B23: 0 | C23: 14 | D23: uint32_t | I23: R | L23: Non Usato | R23: Diagnostica
A24: Stato ingressi fisici | B24: 0 | C24: 15 | D24: uint32_t | I24: R | J24: bit 0: PIN IN sensore di tensionamento bit 1: stato tasto "Keyboard" scarico/giù bit 2: stato tasto "Keyboard" carico/su bit 3: bit 4: bit 5: stato tasto "Remote Control" scarico/giù bit 6: stato tasto "Remote Control" carico/su bit 7: stato feedback "freno motore" (ANALOG IN) | L24: Bit 0 = DOOR Bit 1 = FS OPEN Bit 2 = FS CLOSE Bit 3 = FC STEP | M24: QUESTA ROBA INVECE VA BENE QUI
A25: Stato uscite fisiche | B25: 0 | C25: 16 | D25: uint32_t | I25: R | J25: bit 0: PIN OUT freno motore bit 1: stato motore in movimento se 1, motore fermo se 0 bit 2: stato direzione motore carico/su se 1, direzione motore scarico/giù se 0 bit 3: PIN OUT LED rosso "allarme" bit 4: PIN OUT LED verde "motore in movimento" bit 5: PIN OUT LED tasto ON/OFF "macchina programmata" bit 6: stato buzzer acceso se 1, spento se 0 | L25: Bit 0 = LED1
A26: Firmware Bootloader | B26: 0 | C26: 17 | D26: uint16_t | E26: 255.255 | F26: 0 | G26: 255.255 | I26: R

Sheet DATI LOGICI SHERPA SLIM
A1: INDIRIZZI SCHEDE A CUI SI APPLICA QUESTO DIZIONARIO
A2: 0x00010041
A3: SHERPA SLIM | B3: INDIRIZZO H (hex) | C3: INDIRIZZO L (hex) | D3: TIPO | E3: FORMATO | F3: MINIMO | G3: MASSIMO | H3: UNITA' DI MISURA | I3: R/W | J3: Significato | K3: Ubicazione in App | L3: Nome in App | M3: Aspetto in App | N3: Effetti in App
A4: DATI SHERPA SLIM
A5: =IF('DATI LOGICI'!A3<>"",'DATI LOGICI'!A3,"") -> Firmware macchina | B5: =IF('DATI LOGICI'!B3<>"",'DATI LOGICI'!B3,"") -> 0 | C5: =IF('DATI LOGICI'!C3<>"",'DATI LOGICI'!C3,"") -> 0 | D5: =IF('DATI LOGICI'!D3<>"",'DATI LOGICI'!D3,"") -> uint16_t | E5: =IF('DATI LOGICI'!E3<>"",'DATI LOGICI'!E3,"") -> 255.255 | F5: =IF('DATI LOGICI'!F3<>"",'DATI LOGICI'!F3,"") -> 0 | G5: =IF('DATI LOGICI'!G3<>"",'DATI LOGICI'!G3,"") -> 255.255 | H5: =IF('DATI LOGICI'!H3<>"",'DATI LOGICI'!H3,"") | I5: =IF('DATI LOGICI'!I3<>"",'DATI LOGICI'!I3,"") -> R
A6: =IF('DATI LOGICI'!A4<>"",'DATI LOGICI'!A4,"") -> Firmware scheda | B6: =IF('DATI LOGICI'!B4<>"",'DATI LOGICI'!B4,"") -> 0 | C6: =IF('DATI LOGICI'!C4<>"",'DATI LOGICI'!C4,"") -> 1 | D6: =IF('DATI LOGICI'!D4<>"",'DATI LOGICI'!D4,"") -> uint16_t | E6: =IF('DATI LOGICI'!E4<>"",'DATI LOGICI'!E4,"") -> 255.255 | F6: =IF('DATI LOGICI'!F4<>"",'DATI LOGICI'!F4,"") -> 0 | G6: =IF('DATI LOGICI'!G4<>"",'DATI LOGICI'!G4,"") -> 255.255 | H6: =IF('DATI LOGICI'!H4<>"",'DATI LOGICI'!H4,"") | I6: =IF('DATI LOGICI'!I4<>"",'DATI LOGICI'!I4,"") -> R
A7: =IF('DATI LOGICI'!A5<>"",'DATI LOGICI'!A5,"") -> Modello | B7: =IF('DATI LOGICI'!B5<>"",'DATI LOGICI'!B5,"") -> 0 | C7: =IF('DATI LOGICI'!C5<>"",'DATI LOGICI'!C5,"") -> 2 | D7: =IF('DATI LOGICI'!D5<>"",'DATI LOGICI'!D5,"") -> String[20] | E7: =IF('DATI LOGICI'!E5<>"",'DATI LOGICI'!E5,"") | F7: =IF('DATI LOGICI'!F5<>"",'DATI LOGICI'!F5,"") | G7: =IF('DATI LOGICI'!G5<>"",'DATI LOGICI'!G5,"") | H7: =IF('DATI LOGICI'!H5<>"",'DATI LOGICI'!H5,"") | I7: =IF('DATI LOGICI'!I5<>"",'DATI LOGICI'!I5,"") -> R
A8: =IF('DATI LOGICI'!A6<>"",'DATI LOGICI'!A6,"") -> Matricola | B8: =IF('DATI LOGICI'!B6<>"",'DATI LOGICI'!B6,"") -> 0 | C8: =IF('DATI LOGICI'!C6<>"",'DATI LOGICI'!C6,"") -> 3 | D8: =IF('DATI LOGICI'!D6<>"",'DATI LOGICI'!D6,"") -> uint32_t | E8: =IF('DATI LOGICI'!E6<>"",'DATI LOGICI'!E6,"") | F8: =IF('DATI LOGICI'!F6<>"",'DATI LOGICI'!F6,"") -> 0 | G8: =IF('DATI LOGICI'!G6<>"",'DATI LOGICI'!G6,"") -> 4294967296 | H8: =IF('DATI LOGICI'!H6<>"",'DATI LOGICI'!H6,"") | I8: =IF('DATI LOGICI'!I6<>"",'DATI LOGICI'!I6,"") -> RW
A9: =IF('DATI LOGICI'!A7<>"",'DATI LOGICI'!A7,"") -> Tipo scheda | B9: =IF('DATI LOGICI'!B7<>"",'DATI LOGICI'!B7,"") -> 0 | C9: =IF('DATI LOGICI'!C7<>"",'DATI LOGICI'!C7,"") -> 4 | D9: =IF('DATI LOGICI'!D7<>"",'DATI LOGICI'!D7,"") -> enum dipendente dalle macchine | E9: =IF('DATI LOGICI'!E7<>"",'DATI LOGICI'!E7,"") | F9: =IF('DATI LOGICI'!F7<>"",'DATI LOGICI'!F7,"") | G9: =IF('DATI LOGICI'!G7<>"",'DATI LOGICI'!G7,"") | H9: =IF('DATI LOGICI'!H7<>"",'DATI LOGICI'!H7,"") | I9: R
A10: =IF('DATI LOGICI'!A8<>"",'DATI LOGICI'!A8,"") -> Stato | B10: =IF('DATI LOGICI'!B8<>"",'DATI LOGICI'!B8,"") -> 0 | C10: =IF('DATI LOGICI'!C8<>"",'DATI LOGICI'!C8,"") -> 5 | D10: =IF('DATI LOGICI'!D8<>"",'DATI LOGICI'!D8,"") -> 3*uint32_t | E10: =IF('DATI LOGICI'!E8<>"",'DATI LOGICI'!E8,"") | F10: =IF('DATI LOGICI'!F8<>"",'DATI LOGICI'!F8,"") | G10: =IF('DATI LOGICI'!G8<>"",'DATI LOGICI'!G8,"") | H10: =IF('DATI LOGICI'!H8<>"",'DATI LOGICI'!H8,"") | I10: =IF('DATI LOGICI'!I8<>"",'DATI LOGICI'!I8,"") -> R
A11: =IF('DATI LOGICI'!A9<>"",'DATI LOGICI'!A9,"") -> Allarmi | B11: =IF('DATI LOGICI'!B9<>"",'DATI LOGICI'!B9,"") -> 0 | C11: =IF('DATI LOGICI'!C9<>"",'DATI LOGICI'!C9,"") -> 6 | D11: =IF('DATI LOGICI'!D9<>"",'DATI LOGICI'!D9,"") -> due word uint16_t bitmapped | E11: =IF('DATI LOGICI'!E9<>"",'DATI LOGICI'!E9,"") | F11: =IF('DATI LOGICI'!F9<>"",'DATI LOGICI'!F9,"") | G11: =IF('DATI LOGICI'!G9<>"",'DATI LOGICI'!G9,"") | H11: =IF('DATI LOGICI'!H9<>"",'DATI LOGICI'!H9,"") | I11: =IF('DATI LOGICI'!I9<>"",'DATI LOGICI'!I9,"") -> R
A12: =IF('DATI LOGICI'!A10<>"",'DATI LOGICI'!A10,"") -> Comandi | B12: =IF('DATI LOGICI'!B10<>"",'DATI LOGICI'!B10,"") -> 0 | C12: =IF('DATI LOGICI'!C10<>"",'DATI LOGICI'!C10,"") -> 7 | D12: =IF('DATI LOGICI'!D10<>"",'DATI LOGICI'!D10,"") -> uint16_t | E12: =IF('DATI LOGICI'!E10<>"",'DATI LOGICI'!E10,"") | F12: =IF('DATI LOGICI'!F10<>"",'DATI LOGICI'!F10,"") | G12: =IF('DATI LOGICI'!G10<>"",'DATI LOGICI'!G10,"") | H12: =IF('DATI LOGICI'!H10<>"",'DATI LOGICI'!H10,"") | I12: =IF('DATI LOGICI'!I10<>"",'DATI LOGICI'!I10,"") -> N
A13: =IF('DATI LOGICI'!A11<>"",'DATI LOGICI'!A11,"") -> Temperatura scheda | B13: =IF('DATI LOGICI'!B11<>"",'DATI LOGICI'!B11,"") -> 0 | C13: =IF('DATI LOGICI'!C11<>"",'DATI LOGICI'!C11,"") -> 8 | D13: float | E13: =IF('DATI LOGICI'!E11<>"",'DATI LOGICI'!E11,"") | F13: =IF('DATI LOGICI'!F11<>"",'DATI LOGICI'!F11,"") | G13: =IF('DATI LOGICI'!G11<>"",'DATI LOGICI'!G11,"") | H13: =IF('DATI LOGICI'!H11<>"",'DATI LOGICI'!H11,"") | I13: =IF('DATI LOGICI'!I11<>"",'DATI LOGICI'!I11,"") -> R
A14: =IF('DATI LOGICI'!A12<>"",'DATI LOGICI'!A12,"") -> Secondi lavoro motore parziale | B14: =IF('DATI LOGICI'!B12<>"",'DATI LOGICI'!B12,"") -> 0 | C14: =IF('DATI LOGICI'!C12<>"",'DATI LOGICI'!C12,"") -> 9 | D14: =IF('DATI LOGICI'!D12<>"",'DATI LOGICI'!D12,"") -> uint32_t | E14: =IF('DATI LOGICI'!E12<>"",'DATI LOGICI'!E12,"") | F14: =IF('DATI LOGICI'!F12<>"",'DATI LOGICI'!F12,"") | G14: =IF('DATI LOGICI'!G12<>"",'DATI LOGICI'!G12,"") | H14: =IF('DATI LOGICI'!H12<>"",'DATI LOGICI'!H12,"") | I14: =IF('DATI LOGICI'!I12<>"",'DATI LOGICI'!I12,"") -> RW
A15: =IF('DATI LOGICI'!A13<>"",'DATI LOGICI'!A13,"") -> Secondi lavoro motore totale | B15: =IF('DATI LOGICI'!B13<>"",'DATI LOGICI'!B13,"") -> 0 | C15: =IF('DATI LOGICI'!C13<>"",'DATI LOGICI'!C13,"") -> A | D15: =IF('DATI LOGICI'!D13<>"",'DATI LOGICI'!D13,"") -> uint32_t | E15: =IF('DATI LOGICI'!E13<>"",'DATI LOGICI'!E13,"") | F15: =IF('DATI LOGICI'!F13<>"",'DATI LOGICI'!F13,"") | G15: =IF('DATI LOGICI'!G13<>"",'DATI LOGICI'!G13,"") | H15: =IF('DATI LOGICI'!H13<>"",'DATI LOGICI'!H13,"") | I15: =IF('DATI LOGICI'!I13<>"",'DATI LOGICI'!I13,"") -> RW
A16: =IF('DATI LOGICI'!A14<>"",'DATI LOGICI'!A14,"") -> Cicli complessivi parziale | B16: =IF('DATI LOGICI'!B14<>"",'DATI LOGICI'!B14,"") -> 0 | C16: =IF('DATI LOGICI'!C14<>"",'DATI LOGICI'!C14,"") -> B | D16: =IF('DATI LOGICI'!D14<>"",'DATI LOGICI'!D14,"") -> uint32_t | E16: =IF('DATI LOGICI'!E14<>"",'DATI LOGICI'!E14,"") | F16: =IF('DATI LOGICI'!F14<>"",'DATI LOGICI'!F14,"") | G16: =IF('DATI LOGICI'!G14<>"",'DATI LOGICI'!G14,"") | H16: =IF('DATI LOGICI'!H14<>"",'DATI LOGICI'!H14,"") | I16: =IF('DATI LOGICI'!I14<>"",'DATI LOGICI'!I14,"") -> RW
A17: =IF('DATI LOGICI'!A15<>"",'DATI LOGICI'!A15,"") -> Cicli complessivi totale | B17: =IF('DATI LOGICI'!B15<>"",'DATI LOGICI'!B15,"") -> 0 | C17: =IF('DATI LOGICI'!C15<>"",'DATI LOGICI'!C15,"") -> C | D17: =IF('DATI LOGICI'!D15<>"",'DATI LOGICI'!D15,"") -> uint32_t | E17: =IF('DATI LOGICI'!E15<>"",'DATI LOGICI'!E15,"") | F17: =IF('DATI LOGICI'!F15<>"",'DATI LOGICI'!F15,"") | G17: =IF('DATI LOGICI'!G15<>"",'DATI LOGICI'!G15,"") | H17: =IF('DATI LOGICI'!H15<>"",'DATI LOGICI'!H15,"") | I17: =IF('DATI LOGICI'!I15<>"",'DATI LOGICI'!I15,"") -> RW
A18: =IF('DATI LOGICI'!A16<>"",'DATI LOGICI'!A16,"") -> Cicli completi eseguiti parziale | B18: =IF('DATI LOGICI'!B16<>"",'DATI LOGICI'!B16,"") -> 0 | C18: =IF('DATI LOGICI'!C16<>"",'DATI LOGICI'!C16,"") -> D | D18: =IF('DATI LOGICI'!D16<>"",'DATI LOGICI'!D16,"") -> uint32_t | E18: =IF('DATI LOGICI'!E16<>"",'DATI LOGICI'!E16,"") | F18: =IF('DATI LOGICI'!F16<>"",'DATI LOGICI'!F16,"") | G18: =IF('DATI LOGICI'!G16<>"",'DATI LOGICI'!G16,"") | H18: =IF('DATI LOGICI'!H16<>"",'DATI LOGICI'!H16,"") | I18: =IF('DATI LOGICI'!I16<>"",'DATI LOGICI'!I16,"") -> RW
A19: =IF('DATI LOGICI'!A17<>"",'DATI LOGICI'!A17,"") -> Cicli completi eseguiti totale | B19: =IF('DATI LOGICI'!B17<>"",'DATI LOGICI'!B17,"") -> 0 | C19: =IF('DATI LOGICI'!C17<>"",'DATI LOGICI'!C17,"") -> E | D19: =IF('DATI LOGICI'!D17<>"",'DATI LOGICI'!D17,"") -> uint32_t | E19: =IF('DATI LOGICI'!E17<>"",'DATI LOGICI'!E17,"") | F19: =IF('DATI LOGICI'!F17<>"",'DATI LOGICI'!F17,"") | G19: =IF('DATI LOGICI'!G17<>"",'DATI LOGICI'!G17,"") | H19: =IF('DATI LOGICI'!H17<>"",'DATI LOGICI'!H17,"") | I19: =IF('DATI LOGICI'!I17<>"",'DATI LOGICI'!I17,"") -> RW
A20: =IF('DATI LOGICI'!A18<>"",'DATI LOGICI'!A18,"") -> Livello batteria | B20: =IF('DATI LOGICI'!B18<>"",'DATI LOGICI'!B18,"") -> 0 | C20: =IF('DATI LOGICI'!C18<>"",'DATI LOGICI'!C18,"") -> F | D20: =IF('DATI LOGICI'!D18<>"",'DATI LOGICI'!D18,"") -> uint16_t | E20: =IF('DATI LOGICI'!E18<>"",'DATI LOGICI'!E18,"") | F20: 0 | G20: 100 | H20: % | I20: =IF('DATI LOGICI'!I18<>"",'DATI LOGICI'!I18,"") -> R
A21: =IF('DATI LOGICI'!A19<>"",'DATI LOGICI'!A19,"") -> Salute batteria | B21: =IF('DATI LOGICI'!B19<>"",'DATI LOGICI'!B19,"") -> 0 | C21: =IF('DATI LOGICI'!C19<>"",'DATI LOGICI'!C19,"") -> 10 | D21: =IF('DATI LOGICI'!D19<>"",'DATI LOGICI'!D19,"") -> uint16_t | E21: =IF('DATI LOGICI'!E19<>"",'DATI LOGICI'!E19,"") | F21: =IF('DATI LOGICI'!F19<>"",'DATI LOGICI'!F19,"") | G21: =IF('DATI LOGICI'!G19<>"",'DATI LOGICI'!G19,"") | H21: =IF('DATI LOGICI'!H19<>"",'DATI LOGICI'!H19,"") | I21: =IF('DATI LOGICI'!I19<>"",'DATI LOGICI'!I19,"") -> R
A22: =IF('DATI LOGICI'!A20<>"",'DATI LOGICI'!A20,"") -> Cicli batteria | B22: =IF('DATI LOGICI'!B20<>"",'DATI LOGICI'!B20,"") -> 0 | C22: =IF('DATI LOGICI'!C20<>"",'DATI LOGICI'!C20,"") -> 11 | D22: =IF('DATI LOGICI'!D20<>"",'DATI LOGICI'!D20,"") -> uint16_t | E22: =IF('DATI LOGICI'!E20<>"",'DATI LOGICI'!E20,"") | F22: =IF('DATI LOGICI'!F20<>"",'DATI LOGICI'!F20,"") | G22: =IF('DATI LOGICI'!G20<>"",'DATI LOGICI'!G20,"") | H22: =IF('DATI LOGICI'!H20<>"",'DATI LOGICI'!H20,"") | I22: =IF('DATI LOGICI'!I20<>"",'DATI LOGICI'!I20,"") -> R
A23: =IF('DATI LOGICI'!A21<>"",'DATI LOGICI'!A21,"") -> Temperatura batteria | B23: =IF('DATI LOGICI'!B21<>"",'DATI LOGICI'!B21,"") -> 0 | C23: =IF('DATI LOGICI'!C21<>"",'DATI LOGICI'!C21,"") -> 12 | D23: =IF('DATI LOGICI'!D21<>"",'DATI LOGICI'!D21,"") -> int16_t | E23: =IF('DATI LOGICI'!E21<>"",'DATI LOGICI'!E21,"") | F23: =IF('DATI LOGICI'!F21<>"",'DATI LOGICI'!F21,"") | G23: =IF('DATI LOGICI'!G21<>"",'DATI LOGICI'!G21,"") | H23: =IF('DATI LOGICI'!H21<>"",'DATI LOGICI'!H21,"") | I23: =IF('DATI LOGICI'!I21<>"",'DATI LOGICI'!I21,"") -> R
A24: =IF('DATI LOGICI'!A22<>"",'DATI LOGICI'!A22,"") -> BatteryFirmware | B24: =IF('DATI LOGICI'!B22<>"",'DATI LOGICI'!B22,"") -> 0 | C24: =IF('DATI LOGICI'!C22<>"",'DATI LOGICI'!C22,"") -> 13 | D24: =IF('DATI LOGICI'!D22<>"",'DATI LOGICI'!D22,"") -> uint32_t | E24: =IF('DATI LOGICI'!E22<>"",'DATI LOGICI'!E22,"") | F24: =IF('DATI LOGICI'!F22<>"",'DATI LOGICI'!F22,"") | G24: =IF('DATI LOGICI'!G22<>"",'DATI LOGICI'!G22,"") | H24: =IF('DATI LOGICI'!H22<>"",'DATI LOGICI'!H22,"") | I24: =IF('DATI LOGICI'!I22<>"",'DATI LOGICI'!I22,"") -> R
A25: =IF('DATI LOGICI'!A23<>"",'DATI LOGICI'!A23,"") -> BatterySerial | B25: =IF('DATI LOGICI'!B23<>"",'DATI LOGICI'!B23,"") -> 0 | C25: =IF('DATI LOGICI'!C23<>"",'DATI LOGICI'!C23,"") -> 14 | D25: =IF('DATI LOGICI'!D23<>"",'DATI LOGICI'!D23,"") -> uint32_t | E25: =IF('DATI LOGICI'!E23<>"",'DATI LOGICI'!E23,"") | F25: =IF('DATI LOGICI'!F23<>"",'DATI LOGICI'!F23,"") | G25: =IF('DATI LOGICI'!G23<>"",'DATI LOGICI'!G23,"") | H25: =IF('DATI LOGICI'!H23<>"",'DATI LOGICI'!H23,"") | I25: =IF('DATI LOGICI'!I23<>"",'DATI LOGICI'!I23,"") -> R
A26: =IF('DATI LOGICI'!A24<>"",'DATI LOGICI'!A24,"") -> Stato ingressi fisici | B26: =IF('DATI LOGICI'!B24<>"",'DATI LOGICI'!B24,"") -> 0 | C26: =IF('DATI LOGICI'!C24<>"",'DATI LOGICI'!C24,"") -> 15 | D26: =IF('DATI LOGICI'!D24<>"",'DATI LOGICI'!D24,"") -> uint32_t | E26: =IF('DATI LOGICI'!E24<>"",'DATI LOGICI'!E24,"") | F26: =IF('DATI LOGICI'!F24<>"",'DATI LOGICI'!F24,"") | G26: =IF('DATI LOGICI'!G24<>"",'DATI LOGICI'!G24,"") | H26: =IF('DATI LOGICI'!H24<>"",'DATI LOGICI'!H24,"") | I26: =IF('DATI LOGICI'!I24<>"",'DATI LOGICI'!I24,"") -> R
A27: =IF('DATI LOGICI'!A25<>"",'DATI LOGICI'!A25,"") -> Stato uscite fisiche | B27: =IF('DATI LOGICI'!B25<>"",'DATI LOGICI'!B25,"") -> 0 | C27: =IF('DATI LOGICI'!C25<>"",'DATI LOGICI'!C25,"") -> 16 | D27: =IF('DATI LOGICI'!D25<>"",'DATI LOGICI'!D25,"") -> uint32_t | E27: =IF('DATI LOGICI'!E25<>"",'DATI LOGICI'!E25,"") | F27: =IF('DATI LOGICI'!F25<>"",'DATI LOGICI'!F25,"") | G27: =IF('DATI LOGICI'!G25<>"",'DATI LOGICI'!G25,"") | H27: =IF('DATI LOGICI'!H25<>"",'DATI LOGICI'!H25,"") | I27: =IF('DATI LOGICI'!I25<>"",'DATI LOGICI'!I25,"") -> R
A28: =IF('DATI LOGICI'!A26<>"",'DATI LOGICI'!A26,"") -> Firmware Bootloader | B28: =IF('DATI LOGICI'!B26<>"",'DATI LOGICI'!B26,"") -> 0 | C28: =IF('DATI LOGICI'!C26<>"",'DATI LOGICI'!C26,"") -> 17 | D28: =IF('DATI LOGICI'!D26<>"",'DATI LOGICI'!D26,"") -> uint16_t | E28: =IF('DATI LOGICI'!E26<>"",'DATI LOGICI'!E26,"") -> 255.255 | F28: =IF('DATI LOGICI'!F26<>"",'DATI LOGICI'!F26,"") -> 0 | G28: =IF('DATI LOGICI'!G26<>"",'DATI LOGICI'!G26,"") -> 255.255 | H28: =IF('DATI LOGICI'!H26<>"",'DATI LOGICI'!H26,"") | I28: =IF('DATI LOGICI'!I26<>"",'DATI LOGICI'!I26,"") -> R
A30: DATI AZIONAMENTO
A31: Stato keyboard | B31: 80 | C31: 0 | D31: uint8_t | I31: N
A32: Motor Running | B32: 80 | C32: 1 | D32: bool | F32: 0 | G32: 1 | I32: R | J32: 0 = motore fermo, 1 = motore in movimento
A33: Motor Type | B33: 80 | C33: 2 | D33: enum | F33: 0 | G33: 4 | I33: R | J33: 0 = Not initialized 1 = DC BRUSHLESS 2 = DC 3 = AC INDUCTION 4 = AC BRUSHLESS | O33: Magari mettere tra i motor Type anche l'ON/OFF tipo relè come questo.
A34: Motor Position Reference | B34: 80 | C34: 3 | D34: int16_t | I34: R
A35: Motor Position | B35: =B32 -> 80 | C35: =C34+1 -> 4 | D35: int16_t | I35: R | K35: Diagnostica/Motore | L35: Posizione | M35: Elenco | N35: Nessuno
A36: Position PID enabled | B36: =B33 -> 80 | C36: =C35+1 -> 5 | D36: bool | I36: R
A37: Position PID KP | B37: =B34 -> 80 | C37: =C36+1 -> 6 | D37: int16_t | I37: RW | K37: Diagnostica/Motore | L37: KP PID posizione | M37: Elenco | N37: Nessuno
A38: Position PID KI | B38: =B35 -> 80 | C38: =C37+1 -> 7 | D38: int32_t | I38: RW | K38: Diagnostica/Motore | L38: KI PID posizione | M38: Elenco | N38: Nessuno
A39: Motor Speed Reference | B39: =B36 -> 80 | C39: =C38+1 -> 8 | D39: int16_t | I39: R | O39: Solo per il gradino, l'Optimus è un relè quindi ON/OFF.
A40: Motor Speed | B40: =B37 -> 80 | C40: =C39+1 -> 9 | D40: int16_t | I40: R | K40: Diagnostica/Motore | L40: Velocità | M40: Elenco | N40: Nessuno
A41: Speed PID enabled | B41: =B38 -> 80 | C41: A | D41: bool | I41: R
A42: Speed PID KP | B42: =B39 -> 80 | C42: B | D42: int16_t | I42: RW | K42: Diagnostica/Motore | L42: KP PID velocità | M42: Elenco | N42: Nessuno
A43: Speed PID KI | B43: =B40 -> 80 | C43: C | D43: int32_t | I43: RW | K43: Diagnostica/Motore | L43: KI PID velocità | M43: Elenco | N43: Nessuno
A44: I reference | B44: 80 | C44: D | D44: int16_t | I44: R
A45: Motor I | B45: 80 | C45: E | D45: int16_t | I45: R | K45: Diagnostica/Motore | L45: Corrente | M45: Elenco | N45: Nessuno
A46: enabled I PID | B46: 80 | C46: F | D46: bool | I46: R
A47: Kp I PID | B47: 80 | C47: 10 | D47: int16_t | I47: RW | K47: Diagnostica/Motore | L47: KP PID velocità | M47: Elenco | N47: Nessuno
A48: Ki I PID | B48: 80 | C48: =C47+1 -> 11 | D48: int32_t | I48: RW | K48: Diagnostica/Motore | L48: KI PID velocità | M48: Elenco | N48: Nessuno
A49: Voltage reference applied to the motor | B49: 80 | C49: =C48+1 -> 12 | D49: int16_t | I49: R
A50: Vbus measured | B50: 80 | C50: =C49+1 -> 13 | D50: uint16_t | I50: R
A51: Motor faults | B51: 80 | C51: =C50+1 -> 14 | D51: uint32_t | I51: RW | K51: Diagnostica/Motore | L51: Guasti motore | M51: Elenco | N51: Nessuno | O51: Quali sono i faults?
A52: Motor warnings | B52: 80 | C52: =C51+1 -> 15 | D52: uint32_t | I52: RW | K52: Diagnostica/Motore | L52: Avvisi motore | M52: Elenco | N52: Nessuno | O52: Quali sono i warning?
A53: Number of pulses when breaking in position loop control | B53: 80 | C53: =C52+1 -> 16 | D53: uint16_t | I53: RW
A54: Time for out of control thermal fault (in ms) | B54: 80 | C54: =C53+1 -> 17 | D54: int32_t | I54: RW | O54: Ci sta che il controllo termico valga anche per il relè anche se sarà molto improbabile.
A55: DATI SHERPA SLIM
A56: Working mode | B56: 80 | C56: 2E | D56: uint32_t | I56: RW | J56: 0 = funzionameto normale 1 = funzionameto automatico di test 2 = funzionameto manuale di test | K56: Diagnostica
A57: Stato posizione/in mezzo | B57: 80 | C57: 2F | D57: uint8_t | I57: R | J57: 0 = in mezzo, 1 = in posizione | K57: Diagnostica
A58: Stato movimento motore | B58: 80 | C58: 30 | D58: uint8_t | I58: R | K58: Diagnostica
A59: Estremo posizione | B59: 80 | C59: 31 | D59: uint16_t | I59: R
A60: Posizione punto 1 | B60: 80 | C60: 32 | D60: int32_t | I60: R
A61: Posizione punto 2 | B61: 80 | C61: 33 | D61: int32_t | I61: R
A62: Posizione punto 3 | B62: 80 | C62: 34 | D62: int32_t | I62: R
A63: Posizione punto 4 | B63: 80 | C63: 35 | D63: int32_t | I63: R
A64: Posizione punto 5 | B64: 80 | C64: 36 | D64: int32_t | I64: R
A65: Posizione punto 6 | B65: 80 | C65: 37 | D65: int32_t | I65: R
A66: Posizione punto 7 | B66: 80 | C66: 38 | D66: int32_t | I66: R
A67: Posizione punto 8 | B67: 80 | C67: 39 | D67: int32_t | I67: R
A68: Posizione punto 9 | B68: 80 | C68: 3A | D68: int32_t | I68: R
A69: Posizione punto 10 | B69: 80 | C69: 3B | D69: int32_t | I69: R
A70: Posizione punto 11 | B70: 80 | C70: 3C | D70: int32_t | I70: R
A71: Posizione punto 12 | B71: 80 | C71: 3D | D71: int32_t | I71: R
A72: Stato macchina a stati | B72: 80 | C72: 3E | D72: uint32_t | I72: R | J72: 0 = macchina in idle 1 = macchina in una delle posizioni 2 = macchina tra le posizioni 3 = macchina in riconoscimento di zero 4 = macchia in rilascio cinghia 5 = macchina ferma a zero 6 = Inizio apprendimento 7 = movimento primo punto 8 = stop primo punto 9 = memorizza primo punto 10 = movimento altri punti 11 = stop altri punti 12 = memorizza altri punti 13 = fine apprendimento 14 = fermo con posizioni non valide 15 = in errore | K72: Diagnostica
A73: Contatore attivazione sensore | B73: 80 | C73: 3F | D73: uint32_t | I73: RW
A74: Tipo di piano | B74: 80 | C74: 40 | D74: uint8_t | I74: RW | J74: 0 = Nessuno 1 = Eden04-X 2 = R-3L 3 = Compact-El 4 = Eden-XP 5 = R-3L XP 6 = Custom su CAN | K74: Diagnostica
A75: Protezione apprendimeto | B75: 80 | C75: 41 | D75: uint32_t | I75: RW | J75: 0 = blocca apprendimento 1 = permetti apprendimento
A76: Stato sintetico | B76: 80 | C76: 42 | D76: uint8_t | I76: R | J76: bit7: immagine del contatto cinghia (se vale 1 è in warning) bit 1-0: stato della barella ( 0= SEI TRA I PUNTI, 1=SEI A ZERO, 2= SEI TUTTO FUORI ).
A77: Dispositivi collegati | B77: 80 | C77: 43 | D77: uint8_t | I77: R | J77: 0x01 = Eden 0x02 = ... 0x04 = ... 0x08 = ... 0x10 = ... 0x20 = ... 0x40 = ... 0x80 = …
A78: Tipo di barella | B78: 80 | C78: 44 | D78: uint8_t | I78: RW | J78: 0 = nessuno 1 = Spyke | K78: Diagnostica
A79: Posizione tastiera | B79: 80 | C79: 45 | D79: bool | I79: RW | J79: 0 = destra (default) 1 = sinistra | K79: Diagnostica
A80: Dati Apprendimento punto 1 | B80: 80 | C80: 46 | D80: string | I80: R | J80: automata_point_t autPointTable[0]; // Size: 32 Byte x 13 punti // dove typedef struct automata_point_s { bool isValid; // Size: 1 Byte bool isZero; // Size: 1 Byte bool isStop; // Size: 1 Byte bool chrgHndDone; // Size: 1 Byte bool disHndDone; // Size: 4 Byte (? DOVREBBE ESSERE 1 BYTE!) void (*dschrgHndlr)( void ); // Size: 4 Byte void (*chrgHndlr)( void ); // Size: 4 Byte void (*apprHndlr)( void ); // Size: 4 Byte int32_t pos; // Size: 4 Byte uint32_t height; // Size: 4 Byte automata_dir_t dir; // Size: 4 Byte (? DOVREBBE ESSERE 1 BYTE!) } automata_point_t;
A81: Dati Apprendimento punto 2 | B81: 80 | C81: 47 | D81: string | I81: R | J81: automata_point_t autPointTable[1]; // Size: 32 Byte x 13 punti // dove typedef struct automata_point_s { bool isValid; // Size: 1 Byte bool isZero; // Size: 1 Byte bool isStop; // Size: 1 Byte bool chrgHndDone; // Size: 1 Byte bool disHndDone; // Size: 4 Byte (? DOVREBBE ESSERE 1 BYTE!) void (*dschrgHndlr)( void ); // Size: 4 Byte void (*chrgHndlr)( void ); // Size: 4 Byte void (*apprHndlr)( void ); // Size: 4 Byte int32_t pos; // Size: 4 Byte uint32_t height; // Size: 4 Byte automata_dir_t dir; // Size: 4 Byte (? DOVREBBE ESSERE 1 BYTE!) } automata_point_t;
A82: Dati Apprendimento punto 3 | B82: 80 | C82: 48 | D82: string | I82: R | J82: automata_point_t autPointTable[2]; // Size: 32 Byte x 13 punti // dove typedef struct automata_point_s { bool isValid; // Size: 1 Byte bool isZero; // Size: 1 Byte bool isStop; // Size: 1 Byte bool chrgHndDone; // Size: 1 Byte bool disHndDone; // Size: 4 Byte (? DOVREBBE ESSERE 1 BYTE!) void (*dschrgHndlr)( void ); // Size: 4 Byte void (*chrgHndlr)( void ); // Size: 4 Byte void (*apprHndlr)( void ); // Size: 4 Byte int32_t pos; // Size: 4 Byte uint32_t height; // Size: 4 Byte automata_dir_t dir; // Size: 4 Byte (? DOVREBBE ESSERE 1 BYTE!) } automata_point_t;
A83: Dati Apprendimento punto 4 | B83: 80 | C83: 49 | D83: string | I83: R | J83: automata_point_t autPointTable[3]; // Size: 32 Byte x 13 punti // dove typedef struct automata_point_s { bool isValid; // Size: 1 Byte bool isZero; // Size: 1 Byte bool isStop; // Size: 1 Byte bool chrgHndDone; // Size: 1 Byte bool disHndDone; // Size: 4 Byte (? DOVREBBE ESSERE 1 BYTE!) void (*dschrgHndlr)( void ); // Size: 4 Byte void (*chrgHndlr)( void ); // Size: 4 Byte void (*apprHndlr)( void ); // Size: 4 Byte int32_t pos; // Size: 4 Byte uint32_t height; // Size: 4 Byte automata_dir_t dir; // Size: 4 Byte (? DOVREBBE ESSERE 1 BYTE!) } automata_point_t;
A84: Dati Apprendimento punto 5 | B84: 80 | C84: 4A | D84: string | I84: R | J84: automata_point_t autPointTable[4]; // Size: 32 Byte x 13 punti // dove typedef struct automata_point_s { bool isValid; // Size: 1 Byte bool isZero; // Size: 1 Byte bool isStop; // Size: 1 Byte bool chrgHndDone; // Size: 1 Byte bool disHndDone; // Size: 4 Byte (? DOVREBBE ESSERE 1 BYTE!) void (*dschrgHndlr)( void ); // Size: 4 Byte void (*chrgHndlr)( void ); // Size: 4 Byte void (*apprHndlr)( void ); // Size: 4 Byte int32_t pos; // Size: 4 Byte uint32_t height; // Size: 4 Byte automata_dir_t dir; // Size: 4 Byte (? DOVREBBE ESSERE 1 BYTE!) } automata_point_t;
A85: Dati Apprendimento punto 6 | B85: 80 | C85: 4B | D85: string | I85: R | J85: automata_point_t autPointTable[5]; // Size: 32 Byte x 13 punti // dove typedef struct automata_point_s { bool isValid; // Size: 1 Byte bool isZero; // Size: 1 Byte bool isStop; // Size: 1 Byte bool chrgHndDone; // Size: 1 Byte bool disHndDone; // Size: 4 Byte (? DOVREBBE ESSERE 1 BYTE!) void (*dschrgHndlr)( void ); // Size: 4 Byte void (*chrgHndlr)( void ); // Size: 4 Byte void (*apprHndlr)( void ); // Size: 4 Byte int32_t pos; // Size: 4 Byte uint32_t height; // Size: 4 Byte automata_dir_t dir; // Size: 4 Byte (? DOVREBBE ESSERE 1 BYTE!) } automata_point_t;
A86: Dati Apprendimento punto 7 | B86: 80 | C86: 4C | D86: string | I86: R | J86: automata_point_t autPointTable[6]; // Size: 32 Byte x 13 punti // dove typedef struct automata_point_s { bool isValid; // Size: 1 Byte bool isZero; // Size: 1 Byte bool isStop; // Size: 1 Byte bool chrgHndDone; // Size: 1 Byte bool disHndDone; // Size: 4 Byte (? DOVREBBE ESSERE 1 BYTE!) void (*dschrgHndlr)( void ); // Size: 4 Byte void (*chrgHndlr)( void ); // Size: 4 Byte void (*apprHndlr)( void ); // Size: 4 Byte int32_t pos; // Size: 4 Byte uint32_t height; // Size: 4 Byte automata_dir_t dir; // Size: 4 Byte (? DOVREBBE ESSERE 1 BYTE!) } automata_point_t;
A87: Dati Apprendimento punto 8 | B87: 80 | C87: 4D | D87: string | I87: R | J87: automata_point_t autPointTable[7]; // Size: 32 Byte x 13 punti // dove typedef struct automata_point_s { bool isValid; // Size: 1 Byte bool isZero; // Size: 1 Byte bool isStop; // Size: 1 Byte bool chrgHndDone; // Size: 1 Byte bool disHndDone; // Size: 4 Byte (? DOVREBBE ESSERE 1 BYTE!) void (*dschrgHndlr)( void ); // Size: 4 Byte void (*chrgHndlr)( void ); // Size: 4 Byte void (*apprHndlr)( void ); // Size: 4 Byte int32_t pos; // Size: 4 Byte uint32_t height; // Size: 4 Byte automata_dir_t dir; // Size: 4 Byte (? DOVREBBE ESSERE 1 BYTE!) } automata_point_t;
A88: Dati Apprendimento punto 9 | B88: 80 | C88: 4E | D88: string | I88: R | J88: automata_point_t autPointTable[8]; // Size: 32 Byte x 13 punti // dove typedef struct automata_point_s { bool isValid; // Size: 1 Byte bool isZero; // Size: 1 Byte bool isStop; // Size: 1 Byte bool chrgHndDone; // Size: 1 Byte bool disHndDone; // Size: 4 Byte (? DOVREBBE ESSERE 1 BYTE!) void (*dschrgHndlr)( void ); // Size: 4 Byte void (*chrgHndlr)( void ); // Size: 4 Byte void (*apprHndlr)( void ); // Size: 4 Byte int32_t pos; // Size: 4 Byte uint32_t height; // Size: 4 Byte automata_dir_t dir; // Size: 4 Byte (? DOVREBBE ESSERE 1 BYTE!) } automata_point_t;
A89: Dati Apprendimento punto 10 | B89: 80 | C89: 4F | D89: string | I89: R | J89: automata_point_t autPointTable[9]; // Size: 32 Byte x 13 punti // dove typedef struct automata_point_s { bool isValid; // Size: 1 Byte bool isZero; // Size: 1 Byte bool isStop; // Size: 1 Byte bool chrgHndDone; // Size: 1 Byte bool disHndDone; // Size: 4 Byte (? DOVREBBE ESSERE 1 BYTE!) void (*dschrgHndlr)( void ); // Size: 4 Byte void (*chrgHndlr)( void ); // Size: 4 Byte void (*apprHndlr)( void ); // Size: 4 Byte int32_t pos; // Size: 4 Byte uint32_t height; // Size: 4 Byte automata_dir_t dir; // Size: 4 Byte (? DOVREBBE ESSERE 1 BYTE!) } automata_point_t;
A90: Dati Apprendimento punto 11 | B90: 80 | C90: 50 | D90: string | I90: R | J90: automata_point_t autPointTable[10]; // Size: 32 Byte x 13 punti // dove typedef struct automata_point_s { bool isValid; // Size: 1 Byte bool isZero; // Size: 1 Byte bool isStop; // Size: 1 Byte bool chrgHndDone; // Size: 1 Byte bool disHndDone; // Size: 4 Byte (? DOVREBBE ESSERE 1 BYTE!) void (*dschrgHndlr)( void ); // Size: 4 Byte void (*chrgHndlr)( void ); // Size: 4 Byte void (*apprHndlr)( void ); // Size: 4 Byte int32_t pos; // Size: 4 Byte uint32_t height; // Size: 4 Byte automata_dir_t dir; // Size: 4 Byte (? DOVREBBE ESSERE 1 BYTE!) } automata_point_t;
A91: Dati Apprendimento punto 12 | B91: 80 | C91: 51 | D91: string | I91: R | J91: automata_point_t autPointTable[11]; // Size: 32 Byte x 13 punti // dove typedef struct automata_point_s { bool isValid; // Size: 1 Byte bool isZero; // Size: 1 Byte bool isStop; // Size: 1 Byte bool chrgHndDone; // Size: 1 Byte bool disHndDone; // Size: 4 Byte (? DOVREBBE ESSERE 1 BYTE!) void (*dschrgHndlr)( void ); // Size: 4 Byte void (*chrgHndlr)( void ); // Size: 4 Byte void (*apprHndlr)( void ); // Size: 4 Byte int32_t pos; // Size: 4 Byte uint32_t height; // Size: 4 Byte automata_dir_t dir; // Size: 4 Byte (? DOVREBBE ESSERE 1 BYTE!) } automata_point_t;
A92: Dati Apprendimento punto 13 | B92: 80 | C92: 52 | D92: string | I92: R | J92: automata_point_t autPointTable[12]; // Size: 32 Byte x 13 punti // dove typedef struct automata_point_s { bool isValid; // Size: 1 Byte bool isZero; // Size: 1 Byte bool isStop; // Size: 1 Byte bool chrgHndDone; // Size: 1 Byte bool disHndDone; // Size: 4 Byte (? DOVREBBE ESSERE 1 BYTE!) void (*dschrgHndlr)( void ); // Size: 4 Byte void (*chrgHndlr)( void ); // Size: 4 Byte void (*apprHndlr)( void ); // Size: 4 Byte int32_t pos; // Size: 4 Byte uint32_t height; // Size: 4 Byte automata_dir_t dir; // Size: 4 Byte (? DOVREBBE ESSERE 1 BYTE!) } automata_point_t;
A93: Dati correnti funzionamento | B93: 80 | C93: 53 | D93: string | I93: R | J93: automata_handler_t hState; // Size: 56 Byte // dove typedef struct automata_handler_s { automata_state_code_t state; // Size: 1 Byte automata_dir_t dir; // Size: 1 Byte automata_cmd_t cmd; // Size: 1 Byte automata_pos_t point; // Size: 1 Byte // automata_pos_t next; int32_t pos; // Size: 4 Byte automata_point_t* goal; // Size: 4 Byte automata_point_t* carStep; // Size: 4 Byte automata_point_t* scarStep; // Size: 4 Byte queueId cmdQueue; // Size: 4 Byte queueId motQueue; // Size: 4 Byte uint32_t lastTickCmd; // Size: 4 Byte bool IsPos; // Size: 1 Byte // automata_dir_t mov; automata_pos_t ext1; // Size: 1 Byte automata_pos_t ext2; // Size: 2 Byte timeoutHandler_t timerGen; // Size: 8 Byte uint32_t lastTick; // Size: 4 Byte bool waitOp; // Size: 1 Byte between_points_state_code_t BetweenState; // Size: 1 Byte bool BetweenPointsIgnoreStop; // Size: 1 Byte bool StretcherPresent; // Size: 1 Byte int32_t RemoteZeroPos; // Size: 4 Byte } automata_handler_t;
A94: Learning set | B94: 80 | C94: 54 | D94: bool | F94: 0 | G94: 1 | I94: RW | J94: 0 = apprendimento effettuato (R) / rimuovi apprendimento (W) 1 = apprendimento da fare (W)

Sheet DATI LOGICI EDEN
A1: INDIRIZZI SCHEDE A CUI SI APPLICA QUESTO DIZIONARIO
A2: 0x00030141
A3: EDEN | B3: INDIRIZZO H+L (hex) | D3: TIPO | E3: FORMATO | F3: MINIMO | G3: MASSIMO | H3: UNITA' DI MISURA | I3: R/W | J3: Uso | K3: Significato | L3: Ubicazione in App | M3: Nome in App | N3: Aspetto in App | O3: Effetti in App
A4: DATI STANDARD
A5: =IF('DATI LOGICI'!A3<>"",'DATI LOGICI'!A3,"") -> Firmware macchina | B5: =IF('DATI LOGICI'!B3<>"",'DATI LOGICI'!B3,"") -> 0 | C5: =IF('DATI LOGICI'!C3<>"",'DATI LOGICI'!C3,"") -> 0 | D5: =IF('DATI LOGICI'!D3<>"",'DATI LOGICI'!D3,"") -> uint16_t | E5: =IF('DATI LOGICI'!E3<>"",'DATI LOGICI'!E3,"") -> 255.255 | F5: =IF('DATI LOGICI'!F3<>"",'DATI LOGICI'!F3,"") -> 0 | G5: =IF('DATI LOGICI'!G3<>"",'DATI LOGICI'!G3,"") -> 255.255 | H5: =IF('DATI LOGICI'!H3<>"",'DATI LOGICI'!H3,"") | I5: =IF('DATI LOGICI'!I3<>"",'DATI LOGICI'!I3,"") -> R
A6: =IF('DATI LOGICI'!A4<>"",'DATI LOGICI'!A4,"") -> Firmware scheda | B6: =IF('DATI LOGICI'!B4<>"",'DATI LOGICI'!B4,"") -> 0 | C6: =IF('DATI LOGICI'!C4<>"",'DATI LOGICI'!C4,"") -> 1 | D6: =IF('DATI LOGICI'!D4<>"",'DATI LOGICI'!D4,"") -> uint16_t | E6: =IF('DATI LOGICI'!E4<>"",'DATI LOGICI'!E4,"") -> 255.255 | F6: =IF('DATI LOGICI'!F4<>"",'DATI LOGICI'!F4,"") -> 0 | G6: =IF('DATI LOGICI'!G4<>"",'DATI LOGICI'!G4,"") -> 255.255 | H6: =IF('DATI LOGICI'!H4<>"",'DATI LOGICI'!H4,"") | I6: =IF('DATI LOGICI'!I4<>"",'DATI LOGICI'!I4,"") -> R
A7: =IF('DATI LOGICI'!A5<>"",'DATI LOGICI'!A5,"") -> Modello | B7: =IF('DATI LOGICI'!B5<>"",'DATI LOGICI'!B5,"") -> 0 | C7: =IF('DATI LOGICI'!C5<>"",'DATI LOGICI'!C5,"") -> 2 | D7: =IF('DATI LOGICI'!D5<>"",'DATI LOGICI'!D5,"") -> String[20] | E7: =IF('DATI LOGICI'!E5<>"",'DATI LOGICI'!E5,"") | F7: =IF('DATI LOGICI'!F5<>"",'DATI LOGICI'!F5,"") | G7: =IF('DATI LOGICI'!G5<>"",'DATI LOGICI'!G5,"") | H7: =IF('DATI LOGICI'!H5<>"",'DATI LOGICI'!H5,"") | I7: =IF('DATI LOGICI'!I5<>"",'DATI LOGICI'!I5,"") -> R | K7: Valore fisso:"Eden"
A8: =IF('DATI LOGICI'!A6<>"",'DATI LOGICI'!A6,"") -> Matricola | B8: =IF('DATI LOGICI'!B6<>"",'DATI LOGICI'!B6,"") -> 0 | C8: =IF('DATI LOGICI'!C6<>"",'DATI LOGICI'!C6,"") -> 3 | D8: =IF('DATI LOGICI'!D6<>"",'DATI LOGICI'!D6,"") -> uint32_t | E8: =IF('DATI LOGICI'!E6<>"",'DATI LOGICI'!E6,"") | F8: =IF('DATI LOGICI'!F6<>"",'DATI LOGICI'!F6,"") -> 0 | G8: =IF('DATI LOGICI'!G6<>"",'DATI LOGICI'!G6,"") -> 4294967296 | H8: =IF('DATI LOGICI'!H6<>"",'DATI LOGICI'!H6,"") | I8: =IF('DATI LOGICI'!I6<>"",'DATI LOGICI'!I6,"") -> RW
A9: =IF('DATI LOGICI'!A7<>"",'DATI LOGICI'!A7,"") -> Tipo scheda | B9: =IF('DATI LOGICI'!B7<>"",'DATI LOGICI'!B7,"") -> 0 | C9: =IF('DATI LOGICI'!C7<>"",'DATI LOGICI'!C7,"") -> 4 | D9: =IF('DATI LOGICI'!D7<>"",'DATI LOGICI'!D7,"") -> enum dipendente dalle macchine | E9: =IF('DATI LOGICI'!E7<>"",'DATI LOGICI'!E7,"") | F9: =IF('DATI LOGICI'!F7<>"",'DATI LOGICI'!F7,"") | G9: =IF('DATI LOGICI'!G7<>"",'DATI LOGICI'!G7,"") | H9: =IF('DATI LOGICI'!H7<>"",'DATI LOGICI'!H7,"") | I9: R | K9: Valore fisso: 5
A10: =IF('DATI LOGICI'!A8<>"",'DATI LOGICI'!A8,"") -> Stato | B10: =IF('DATI LOGICI'!B8<>"",'DATI LOGICI'!B8,"") -> 0 | C10: =IF('DATI LOGICI'!C8<>"",'DATI LOGICI'!C8,"") -> 5 | D10: =IF('DATI LOGICI'!D8<>"",'DATI LOGICI'!D8,"") -> 3*uint32_t | E10: =IF('DATI LOGICI'!E8<>"",'DATI LOGICI'!E8,"") | F10: =IF('DATI LOGICI'!F8<>"",'DATI LOGICI'!F8,"") | G10: =IF('DATI LOGICI'!G8<>"",'DATI LOGICI'!G8,"") | H10: =IF('DATI LOGICI'!H8<>"",'DATI LOGICI'!H8,"") | I10: =IF('DATI LOGICI'!I8<>"",'DATI LOGICI'!I8,"") -> R
A11: =IF('DATI LOGICI'!A9<>"",'DATI LOGICI'!A9,"") -> Allarmi | B11: =IF('DATI LOGICI'!B9<>"",'DATI LOGICI'!B9,"") -> 0 | C11: =IF('DATI LOGICI'!C9<>"",'DATI LOGICI'!C9,"") -> 6 | D11: =IF('DATI LOGICI'!D9<>"",'DATI LOGICI'!D9,"") -> due word uint16_t bitmapped | E11: =IF('DATI LOGICI'!E9<>"",'DATI LOGICI'!E9,"") | F11: =IF('DATI LOGICI'!F9<>"",'DATI LOGICI'!F9,"") | G11: =IF('DATI LOGICI'!G9<>"",'DATI LOGICI'!G9,"") | H11: =IF('DATI LOGICI'!H9<>"",'DATI LOGICI'!H9,"") | I11: =IF('DATI LOGICI'!I9<>"",'DATI LOGICI'!I9,"") -> R | J11: Log GD | K11: WORD 1: allarmi: bit 0: sovracorrente pompa bit 1: circuito aperto pompa bit 2: sovracorrente EV 1 bit 3: circuito aperto EV 1 bit 4: sovracorrente EV 2 bit 5: circuito aperto EV 2 bit 6: sovracorrente EV 3 bit 7: circuito aperto EV 3 bit 8: sovracorrente EV 4 bit 9: circuito aperto EV 4 bit 10: sovracorrente EV 5 bit 11: circuito aperto EV 5 bit 12: sovracorrente EV 6 bit 13: circuito aperto EV 6 bit 14: sovracorrente EV 7 bit 15: circuito aperto EV 7 WORD 2: allarmi: bit 0: sovracorrente EV 8 bit 1: circuito aperto EV 8 bit2: low battery bit3: costa sensibile bit4: Errore interno routine software bit5: errore hardware EEPROM esterna WORD 3: allarmi: WORD 4: allarmi: WORD 5: warnings: WORD 6: WORD 7: WORD 8:
A12: =IF('DATI LOGICI'!A10<>"",'DATI LOGICI'!A10,"") -> Comandi | B12: =IF('DATI LOGICI'!B10<>"",'DATI LOGICI'!B10,"") -> 0 | C12: =IF('DATI LOGICI'!C10<>"",'DATI LOGICI'!C10,"") -> 7 | D12: =IF('DATI LOGICI'!D10<>"",'DATI LOGICI'!D10,"") -> uint16_t | E12: =IF('DATI LOGICI'!E10<>"",'DATI LOGICI'!E10,"") | F12: =IF('DATI LOGICI'!F10<>"",'DATI LOGICI'!F10,"") | G12: =IF('DATI LOGICI'!G10<>"",'DATI LOGICI'!G10,"") | H12: =IF('DATI LOGICI'!H10<>"",'DATI LOGICI'!H10,"") | I12: =IF('DATI LOGICI'!I10<>"",'DATI LOGICI'!I10,"") -> N
A13: =IF('DATI LOGICI'!A11<>"",'DATI LOGICI'!A11,"") -> Temperatura scheda | B13: =IF('DATI LOGICI'!B11<>"",'DATI LOGICI'!B11,"") -> 0 | C13: =IF('DATI LOGICI'!C11<>"",'DATI LOGICI'!C11,"") -> 8 | D13: float | E13: =IF('DATI LOGICI'!E11<>"",'DATI LOGICI'!E11,"") | F13: =IF('DATI LOGICI'!F11<>"",'DATI LOGICI'!F11,"") | G13: =IF('DATI LOGICI'!G11<>"",'DATI LOGICI'!G11,"") | H13: =IF('DATI LOGICI'!H11<>"",'DATI LOGICI'!H11,"") | I13: =IF('DATI LOGICI'!I11<>"",'DATI LOGICI'!I11,"") -> R | K13: temperatura interna al micro in gradi
A14: =IF('DATI LOGICI'!A12<>"",'DATI LOGICI'!A12,"") -> Secondi lavoro motore parziale | B14: =IF('DATI LOGICI'!B12<>"",'DATI LOGICI'!B12,"") -> 0 | C14: =IF('DATI LOGICI'!C12<>"",'DATI LOGICI'!C12,"") -> 9 | D14: =IF('DATI LOGICI'!D12<>"",'DATI LOGICI'!D12,"") -> uint32_t | E14: =IF('DATI LOGICI'!E12<>"",'DATI LOGICI'!E12,"") | F14: =IF('DATI LOGICI'!F12<>"",'DATI LOGICI'!F12,"") | G14: =IF('DATI LOGICI'!G12<>"",'DATI LOGICI'!G12,"") | H14: =IF('DATI LOGICI'!H12<>"",'DATI LOGICI'!H12,"") | I14: =IF('DATI LOGICI'!I12<>"",'DATI LOGICI'!I12,"") -> RW | K14: secondi di lavoro parziale della macchina
A15: =IF('DATI LOGICI'!A13<>"",'DATI LOGICI'!A13,"") -> Secondi lavoro motore totale | B15: =IF('DATI LOGICI'!B13<>"",'DATI LOGICI'!B13,"") -> 0 | C15: =IF('DATI LOGICI'!C13<>"",'DATI LOGICI'!C13,"") -> A | D15: =IF('DATI LOGICI'!D13<>"",'DATI LOGICI'!D13,"") -> uint32_t | E15: =IF('DATI LOGICI'!E13<>"",'DATI LOGICI'!E13,"") | F15: =IF('DATI LOGICI'!F13<>"",'DATI LOGICI'!F13,"") | G15: =IF('DATI LOGICI'!G13<>"",'DATI LOGICI'!G13,"") | H15: =IF('DATI LOGICI'!H13<>"",'DATI LOGICI'!H13,"") | I15: =IF('DATI LOGICI'!I13<>"",'DATI LOGICI'!I13,"") -> RW | K15: secondi di lavoro totale della macchina
A16: =IF('DATI LOGICI'!A14<>"",'DATI LOGICI'!A14,"") -> Cicli complessivi parziale | B16: =IF('DATI LOGICI'!B14<>"",'DATI LOGICI'!B14,"") -> 0 | C16: =IF('DATI LOGICI'!C14<>"",'DATI LOGICI'!C14,"") -> B | D16: =IF('DATI LOGICI'!D14<>"",'DATI LOGICI'!D14,"") -> uint32_t | E16: =IF('DATI LOGICI'!E14<>"",'DATI LOGICI'!E14,"") | F16: =IF('DATI LOGICI'!F14<>"",'DATI LOGICI'!F14,"") | G16: =IF('DATI LOGICI'!G14<>"",'DATI LOGICI'!G14,"") | H16: =IF('DATI LOGICI'!H14<>"",'DATI LOGICI'!H14,"") | I16: =IF('DATI LOGICI'!I14<>"",'DATI LOGICI'!I14,"") -> RW | K16: numero cicli di lavoro non completi parziale
A17: =IF('DATI LOGICI'!A15<>"",'DATI LOGICI'!A15,"") -> Cicli complessivi totale | B17: =IF('DATI LOGICI'!B15<>"",'DATI LOGICI'!B15,"") -> 0 | C17: =IF('DATI LOGICI'!C15<>"",'DATI LOGICI'!C15,"") -> C | D17: =IF('DATI LOGICI'!D15<>"",'DATI LOGICI'!D15,"") -> uint32_t | E17: =IF('DATI LOGICI'!E15<>"",'DATI LOGICI'!E15,"") | F17: =IF('DATI LOGICI'!F15<>"",'DATI LOGICI'!F15,"") | G17: =IF('DATI LOGICI'!G15<>"",'DATI LOGICI'!G15,"") | H17: =IF('DATI LOGICI'!H15<>"",'DATI LOGICI'!H15,"") | I17: =IF('DATI LOGICI'!I15<>"",'DATI LOGICI'!I15,"") -> RW | K17: numero cicli di lavoro non completi totale
A18: =IF('DATI LOGICI'!A16<>"",'DATI LOGICI'!A16,"") -> Cicli completi eseguiti parziale | B18: =IF('DATI LOGICI'!B16<>"",'DATI LOGICI'!B16,"") -> 0 | C18: =IF('DATI LOGICI'!C16<>"",'DATI LOGICI'!C16,"") -> D | D18: =IF('DATI LOGICI'!D16<>"",'DATI LOGICI'!D16,"") -> uint32_t | E18: =IF('DATI LOGICI'!E16<>"",'DATI LOGICI'!E16,"") | F18: =IF('DATI LOGICI'!F16<>"",'DATI LOGICI'!F16,"") | G18: =IF('DATI LOGICI'!G16<>"",'DATI LOGICI'!G16,"") | H18: =IF('DATI LOGICI'!H16<>"",'DATI LOGICI'!H16,"") | I18: =IF('DATI LOGICI'!I16<>"",'DATI LOGICI'!I16,"") -> RW | K18: numero cicli di lavoro completi parziale
A19: =IF('DATI LOGICI'!A17<>"",'DATI LOGICI'!A17,"") -> Cicli completi eseguiti totale | B19: =IF('DATI LOGICI'!B17<>"",'DATI LOGICI'!B17,"") -> 0 | C19: =IF('DATI LOGICI'!C17<>"",'DATI LOGICI'!C17,"") -> E | D19: =IF('DATI LOGICI'!D17<>"",'DATI LOGICI'!D17,"") -> uint32_t | E19: =IF('DATI LOGICI'!E17<>"",'DATI LOGICI'!E17,"") | F19: =IF('DATI LOGICI'!F17<>"",'DATI LOGICI'!F17,"") | G19: =IF('DATI LOGICI'!G17<>"",'DATI LOGICI'!G17,"") | H19: =IF('DATI LOGICI'!H17<>"",'DATI LOGICI'!H17,"") | I19: =IF('DATI LOGICI'!I17<>"",'DATI LOGICI'!I17,"") -> RW | K19: numero cicli di lavoro completi totale
A20: =IF('DATI LOGICI'!A18<>"",'DATI LOGICI'!A18,"") -> Livello batteria | B20: =IF('DATI LOGICI'!B18<>"",'DATI LOGICI'!B18,"") -> 0 | C20: =IF('DATI LOGICI'!C18<>"",'DATI LOGICI'!C18,"") -> F | D20: =IF('DATI LOGICI'!D18<>"",'DATI LOGICI'!D18,"") -> uint16_t | E20: =IF('DATI LOGICI'!E18<>"",'DATI LOGICI'!E18,"") | F20: 0 | G20: 100 | H20: % | I20: =IF('DATI LOGICI'!I18<>"",'DATI LOGICI'!I18,"") -> R | K20: Derivato dalla tensione misurata, in percentaule
A21: =IF('DATI LOGICI'!A19<>"",'DATI LOGICI'!A19,"") -> Salute batteria | B21: =IF('DATI LOGICI'!B19<>"",'DATI LOGICI'!B19,"") -> 0 | C21: =IF('DATI LOGICI'!C19<>"",'DATI LOGICI'!C19,"") -> 10 | D21: =IF('DATI LOGICI'!D19<>"",'DATI LOGICI'!D19,"") -> uint16_t | E21: =IF('DATI LOGICI'!E19<>"",'DATI LOGICI'!E19,"") | F21: =IF('DATI LOGICI'!F19<>"",'DATI LOGICI'!F19,"") | G21: =IF('DATI LOGICI'!G19<>"",'DATI LOGICI'!G19,"") | H21: =IF('DATI LOGICI'!H19<>"",'DATI LOGICI'!H19,"") | I21: =IF('DATI LOGICI'!I19<>"",'DATI LOGICI'!I19,"") -> R
A22: =IF('DATI LOGICI'!A20<>"",'DATI LOGICI'!A20,"") -> Cicli batteria | B22: =IF('DATI LOGICI'!B20<>"",'DATI LOGICI'!B20,"") -> 0 | C22: =IF('DATI LOGICI'!C20<>"",'DATI LOGICI'!C20,"") -> 11 | D22: =IF('DATI LOGICI'!D20<>"",'DATI LOGICI'!D20,"") -> uint16_t | E22: =IF('DATI LOGICI'!E20<>"",'DATI LOGICI'!E20,"") | F22: =IF('DATI LOGICI'!F20<>"",'DATI LOGICI'!F20,"") | G22: =IF('DATI LOGICI'!G20<>"",'DATI LOGICI'!G20,"") | H22: =IF('DATI LOGICI'!H20<>"",'DATI LOGICI'!H20,"") | I22: =IF('DATI LOGICI'!I20<>"",'DATI LOGICI'!I20,"") -> R
A23: =IF('DATI LOGICI'!A21<>"",'DATI LOGICI'!A21,"") -> Temperatura batteria | B23: =IF('DATI LOGICI'!B21<>"",'DATI LOGICI'!B21,"") -> 0 | C23: =IF('DATI LOGICI'!C21<>"",'DATI LOGICI'!C21,"") -> 12 | D23: =IF('DATI LOGICI'!D21<>"",'DATI LOGICI'!D21,"") -> int16_t | E23: =IF('DATI LOGICI'!E21<>"",'DATI LOGICI'!E21,"") | F23: =IF('DATI LOGICI'!F21<>"",'DATI LOGICI'!F21,"") | G23: =IF('DATI LOGICI'!G21<>"",'DATI LOGICI'!G21,"") | H23: =IF('DATI LOGICI'!H21<>"",'DATI LOGICI'!H21,"") | I23: =IF('DATI LOGICI'!I21<>"",'DATI LOGICI'!I21,"") -> R
A24: =IF('DATI LOGICI'!A22<>"",'DATI LOGICI'!A22,"") -> BatteryFirmware | B24: =IF('DATI LOGICI'!B22<>"",'DATI LOGICI'!B22,"") -> 0 | C24: =IF('DATI LOGICI'!C22<>"",'DATI LOGICI'!C22,"") -> 13 | D24: =IF('DATI LOGICI'!D22<>"",'DATI LOGICI'!D22,"") -> uint32_t | E24: =IF('DATI LOGICI'!E22<>"",'DATI LOGICI'!E22,"") | F24: =IF('DATI LOGICI'!F22<>"",'DATI LOGICI'!F22,"") | G24: =IF('DATI LOGICI'!G22<>"",'DATI LOGICI'!G22,"") | H24: =IF('DATI LOGICI'!H22<>"",'DATI LOGICI'!H22,"") | I24: =IF('DATI LOGICI'!I22<>"",'DATI LOGICI'!I22,"") -> R
A25: =IF('DATI LOGICI'!A23<>"",'DATI LOGICI'!A23,"") -> BatterySerial | B25: =IF('DATI LOGICI'!B23<>"",'DATI LOGICI'!B23,"") -> 0 | C25: =IF('DATI LOGICI'!C23<>"",'DATI LOGICI'!C23,"") -> 14 | D25: =IF('DATI LOGICI'!D23<>"",'DATI LOGICI'!D23,"") -> uint32_t | E25: =IF('DATI LOGICI'!E23<>"",'DATI LOGICI'!E23,"") | F25: =IF('DATI LOGICI'!F23<>"",'DATI LOGICI'!F23,"") | G25: =IF('DATI LOGICI'!G23<>"",'DATI LOGICI'!G23,"") | H25: =IF('DATI LOGICI'!H23<>"",'DATI LOGICI'!H23,"") | I25: =IF('DATI LOGICI'!I23<>"",'DATI LOGICI'!I23,"") -> R
A26: =IF('DATI LOGICI'!A24<>"",'DATI LOGICI'!A24,"") -> Stato ingressi fisici | B26: =IF('DATI LOGICI'!B24<>"",'DATI LOGICI'!B24,"") -> 0 | C26: =IF('DATI LOGICI'!C24<>"",'DATI LOGICI'!C24,"") -> 15 | D26: =IF('DATI LOGICI'!D24<>"",'DATI LOGICI'!D24,"") -> uint32_t | E26: =IF('DATI LOGICI'!E24<>"",'DATI LOGICI'!E24,"") | F26: =IF('DATI LOGICI'!F24<>"",'DATI LOGICI'!F24,"") | G26: =IF('DATI LOGICI'!G24<>"",'DATI LOGICI'!G24,"") | H26: =IF('DATI LOGICI'!H24<>"",'DATI LOGICI'!H24,"") | I26: =IF('DATI LOGICI'!I24<>"",'DATI LOGICI'!I24,"") -> R | K26: bit 0: FC Estratto bit 1: FC Chiuso bit 2: Comando UP bit 3: Comando Down bit 4: Costa sensibile bit 5: Comando tastiera testa su bit 6: Comando tastiera piedi su bit 7: Comando tastiera vai orizzontale bit 8: Comando tastiera molleggio bit 9: Comando tastiera tutto su bit 10: Comando tastiera tutto giu' bit 11: Comando tastiera stop
A27: =IF('DATI LOGICI'!A25<>"",'DATI LOGICI'!A25,"") -> Stato uscite fisiche | B27: =IF('DATI LOGICI'!B25<>"",'DATI LOGICI'!B25,"") -> 0 | C27: =IF('DATI LOGICI'!C25<>"",'DATI LOGICI'!C25,"") -> 16 | D27: =IF('DATI LOGICI'!D25<>"",'DATI LOGICI'!D25,"") -> uint32_t | E27: =IF('DATI LOGICI'!E25<>"",'DATI LOGICI'!E25,"") | F27: =IF('DATI LOGICI'!F25<>"",'DATI LOGICI'!F25,"") | G27: =IF('DATI LOGICI'!G25<>"",'DATI LOGICI'!G25,"") | H27: =IF('DATI LOGICI'!H25<>"",'DATI LOGICI'!H25,"") | I27: =IF('DATI LOGICI'!I25<>"",'DATI LOGICI'!I25,"") -> R | K27: bit 0: EV1 bit 1: EV2 bit 2: EV3 bit 3: EV4 bit 4: EV5 bit 5: EV6 bit 6: EV7 bit 7: EV8 bit 8: PUMP bit 9: LEDB bit 10: LEDG bit 11: LEDR
A28: =IF('DATI LOGICI'!A26<>"",'DATI LOGICI'!A26,"") -> Firmware Bootloader | B28: =IF('DATI LOGICI'!B26<>"",'DATI LOGICI'!B26,"") -> 0 | C28: =IF('DATI LOGICI'!C26<>"",'DATI LOGICI'!C26,"") -> 17 | D28: =IF('DATI LOGICI'!D26<>"",'DATI LOGICI'!D26,"") -> uint16_t | E28: =IF('DATI LOGICI'!E26<>"",'DATI LOGICI'!E26,"") -> 255.255 | F28: =IF('DATI LOGICI'!F26<>"",'DATI LOGICI'!F26,"") -> 0 | G28: =IF('DATI LOGICI'!G26<>"",'DATI LOGICI'!G26,"") -> 255.255 | H28: =IF('DATI LOGICI'!H26<>"",'DATI LOGICI'!H26,"") | I28: =IF('DATI LOGICI'!I26<>"",'DATI LOGICI'!I26,"") -> R
A30: DATI LOGICI EDEN
A31: Stato keyboard 1 | B31: 80 | C31: =DEC2HEX(0) -> 0 | D31: uint8_t | I31: N | K31: Variabile logica gestita dalla tastiera esterna (non usare con l'app)
A32: SystemOn | B32: 80 | C32: =DEC2HEX(HEX2DEC(C31)+1) -> 1 | D32: bool | F32: 0 | G32: 1 | I32: R | K32: 0 = piano spento, 1 = piano acceso
A33: Angolo inclinazione del piano | B33: 80 | C33: =DEC2HEX(HEX2DEC(C32)+1) -> 2 | D33: float | H33: gradi | I33: R | K33: Angolo di inclinazione del piano: 12.0 è testa su massimo, -12.0 e piedi su massimo, 0.0 è orizzontale
A34: Angolo lato testa | B34: 80 | C34: =DEC2HEX(HEX2DEC(C33)+1) -> 3 | D34: float | H34: gradi | I34: R | K34: Angolo di inclinazione calcolato lato testa (si usa a piano chiuso)
A35: Tastiera SherpaSlim | B35: 80 | C35: =DEC2HEX(HEX2DEC(C34)+1) -> 4 | D35: uint8_t | K35: Immagine tasti SherpaSlim per gestire i 2 blu
A36: Potenzio inclinazione min | B36: 80 | C36: =DEC2HEX(HEX2DEC(C35)+1) -> 5 | D36: uint16_t | F36: 0 | G36: 65535 | H36: bits | I36: R/W | K36: Valore minimo in bits letto dal valore RAW del potenzio in apprendimento
A37: Potenzio inclinazione max | B37: 80 | C37: =DEC2HEX(HEX2DEC(C36)+1) -> 6 | D37: uint16_t | F37: 0 | G37: 65535 | H37: bits | I37: R/W | K37: Valore massimo in bits letto dal valore RAW del potenzio in apprendimento
A38: Potenzio altezza min | B38: 80 | C38: =DEC2HEX(HEX2DEC(C37)+1) -> 7 | D38: uint16_t | F38: 0 | G38: 65535 | H38: bits | I38: R/W | K38: Valore minimo in bits letto dal valore RAW del potenzio in apprendimento
A39: Potenzio altezza max | B39: 80 | C39: =DEC2HEX(HEX2DEC(C38)+1) -> 8 | D39: uint16_t | F39: 0 | G39: 65535 | H39: bits | I39: R/W | K39: Valore massimo in bits letto dal valore RAW del potenzio in apprendimento
A40: Angolo X | B40: 80 | C40: =DEC2HEX(HEX2DEC(C39)+1) -> 9 | D40: float | F40: -180 | G40: 180 | H40: gradi | I40: R
A41: Angolo Y | B41: 80 | C41: =DEC2HEX(HEX2DEC(C40)+1) -> A | D41: float | F41: -180 | G41: 180 | H41: gradi | I41: R
A42: Angolo Z | B42: 80 | C42: =DEC2HEX(HEX2DEC(C41)+1) -> B | D42: float | F42: -180 | G42: 180 | H42: gradi | I42: R
A43: Accelerazione X | B43: 80 | C43: =DEC2HEX(HEX2DEC(C42)+1) -> C | D43: float | I43: R
A44: Accelerazione Y | B44: 80 | C44: =DEC2HEX(HEX2DEC(C43)+1) -> D | D44: float | I44: R
A45: Accelerazione Z | B45: 80 | C45: =DEC2HEX(HEX2DEC(C44)+1) -> E | D45: float | I45: R
A46: Stato finecorsa | B46: 80 | C46: =DEC2HEX(HEX2DEC(C45)+1) -> F | D46: uint8_t | F46: 0 | G46: 3 | I46: R | K46: bit 0: finecorsa piano esteso, bit 1: finecorsa piano chiuso
A47: libero | B47: 80 | C47: =DEC2HEX(HEX2DEC(C46)+1) -> 10 | I47: R
A48: Stato comando esterno su | B48: 80 | C48: =DEC2HEX(HEX2DEC(C47)+1) -> 11 | D48: bool | F48: 0 | G48: 1 | I48: R
A49: Stato comando esterno giu' | B49: 80 | C49: =DEC2HEX(HEX2DEC(C48)+1) -> 12 | D49: bool | F49: 0 | G49: 1 | I49: R
A50: Stato pompa | B50: 80 | C50: =DEC2HEX(HEX2DEC(C49)+1) -> 13 | D50: uint8_t | F50: 0 | G50: 2 | I50: R | K50: 0 = fermo, 1 = in accensione, 2= acceso
A51: Pompa Riferimento | B51: 80 | C51: =DEC2HEX(HEX2DEC(C50)+1) -> 14 | D51: int16_t
A52: Pompa I misurata | B52: 80 | C52: =DEC2HEX(HEX2DEC(C51)+1) -> 15 | D52: int16_t
A53: Pompa PWM Out | B53: 80 | C53: =DEC2HEX(HEX2DEC(C52)+1) -> 16 | D53: int16_t
A54: I max Pompa | B54: 80 | C54: =DEC2HEX(HEX2DEC(C53)+1) -> 17 | D54: int16_t
A55: Stato EV1 | B55: 80 | C55: =DEC2HEX(HEX2DEC(C54)+1) -> 18 | D55: uint8_t | F55: 0 | G55: 2 | I55: R | K55: 0 = fermo, 1 = in accensione, 2= acceso
A56: EV1 I Reference | B56: 80 | C56: =DEC2HEX(HEX2DEC(C55)+1) -> 19 | D56: int16_t
A57: EV1 I Masured | C57: =DEC2HEX(HEX2DEC(C56)+1) -> 1A
A58: EV1 PWM out | C58: =DEC2HEX(HEX2DEC(C57)+1) -> 1B
A59: Stato EV2 | B59: 80 | C59: =DEC2HEX(HEX2DEC(C58)+1) -> 1C | D59: uint8_t | F59: 0 | G59: 2 | I59: R | K59: 0 = fermo, 1 = in accensione, 2= acceso
A60: EV2 I Reference | B60: 80 | C60: =DEC2HEX(HEX2DEC(C59)+1) -> 1D | D60: int16_t
A61: EV2 I Masured | C61: =DEC2HEX(HEX2DEC(C60)+1) -> 1E
A62: EV2 PWM out | C62: =DEC2HEX(HEX2DEC(C61)+1) -> 1F
A63: Stato EV3 | B63: 80 | C63: =DEC2HEX(HEX2DEC(C62)+1) -> 20 | D63: uint8_t | F63: 0 | G63: 2 | I63: R | K63: 0 = fermo, 1 = in accensione, 2= acceso
A64: EV3 I Reference | B64: 80 | C64: =DEC2HEX(HEX2DEC(C63)+1) -> 21 | D64: int16_t
A65: EV3 I Masured | C65: =DEC2HEX(HEX2DEC(C64)+1) -> 22
A66: EV3 PWM out | C66: =DEC2HEX(HEX2DEC(C65)+1) -> 23
A67: Stato EV4 | B67: 80 | C67: =DEC2HEX(HEX2DEC(C66)+1) -> 24 | D67: uint8_t | F67: 0 | G67: 2 | I67: R | K67: 0 = fermo, 1 = in accensione, 2= acceso
A68: EV4 I Reference | B68: 80 | C68: =DEC2HEX(HEX2DEC(C67)+1) -> 25 | D68: int16_t
A69: EV4 I Masured | C69: =DEC2HEX(HEX2DEC(C68)+1) -> 26
A70: EV4 PWM out | C70: =DEC2HEX(HEX2DEC(C69)+1) -> 27
A71: Stato EV5 | B71: 80 | C71: =DEC2HEX(HEX2DEC(C70)+1) -> 28 | D71: uint8_t | F71: 0 | G71: 2 | I71: R | K71: 0 = fermo, 1 = in accensione, 2= acceso
A72: EV5 I Reference | B72: 80 | C72: =DEC2HEX(HEX2DEC(C71)+1) -> 29 | D72: int16_t
A73: EV5 I Masured | C73: =DEC2HEX(HEX2DEC(C72)+1) -> 2A
A74: EV5 PWM out | C74: =DEC2HEX(HEX2DEC(C73)+1) -> 2B
A75: Stato EV6 | B75: 80 | C75: =DEC2HEX(HEX2DEC(C74)+1) -> 2C | D75: uint8_t | F75: 0 | G75: 2 | I75: R | K75: 0 = fermo, 1 = in accensione, 2= acceso
A76: EV6 I Reference | B76: 80 | C76: =DEC2HEX(HEX2DEC(C75)+1) -> 2D | D76: int16_t
A77: EV6 I Masured | C77: =DEC2HEX(HEX2DEC(C76)+1) -> 2E
A78: EV6 PWM out | C78: =DEC2HEX(HEX2DEC(C77)+1) -> 2F
A79: Stato EV7 | B79: 80 | C79: =DEC2HEX(HEX2DEC(C78)+1) -> 30 | D79: uint8_t | F79: 0 | G79: 2 | I79: R | K79: 0 = fermo, 1 = in accensione, 2= acceso
A80: EV7 I Reference | B80: 80 | C80: =DEC2HEX(HEX2DEC(C79)+1) -> 31 | D80: int16_t
A81: EV7 I Masured | C81: =DEC2HEX(HEX2DEC(C80)+1) -> 32
A82: EV7 PWM out | C82: =DEC2HEX(HEX2DEC(C81)+1) -> 33
A83: Stato EV8 | B83: 80 | C83: =DEC2HEX(HEX2DEC(C82)+1) -> 34 | D83: uint8_t | F83: 0 | G83: 2 | I83: R | K83: 0 = fermo, 1 = in accensione, 2= acceso
A84: EV8 I Reference | B84: 80 | C84: =DEC2HEX(HEX2DEC(C83)+1) -> 35 | D84: int16_t
A85: EV8 I Masured | C85: =DEC2HEX(HEX2DEC(C84)+1) -> 36
A86: EV8 PWM out | C86: =DEC2HEX(HEX2DEC(C85)+1) -> 37
A87: Stato EV9 | B87: 80 | C87: =DEC2HEX(HEX2DEC(C86)+1) -> 38 | D87: uint8_t | F87: 0 | G87: 2 | I87: R | K87: 0 = fermo, 1 = in accensione, 2= acceso
A88: EV9 I Reference | B88: 80 | C88: =DEC2HEX(HEX2DEC(C87)+1) -> 39 | D88: int16_t
A89: EV9 I Masured | C89: =DEC2HEX(HEX2DEC(C88)+1) -> 3A
A90: EV9 PWM out | C90: =DEC2HEX(HEX2DEC(C89)+1) -> 3B
A91: Stato EV10 | B91: 80 | C91: =DEC2HEX(HEX2DEC(C90)+1) -> 3C | D91: uint8_t | F91: 0 | G91: 2 | I91: R | K91: 0 = fermo, 1 = in accensione, 2= acceso
A92: EV10 I Reference | B92: 80 | C92: =DEC2HEX(HEX2DEC(C91)+1) -> 3D | D92: int16_t
A93: EV10 I Masured | C93: =DEC2HEX(HEX2DEC(C92)+1) -> 3E
A94: EV10 PWM out | C94: =DEC2HEX(HEX2DEC(C93)+1) -> 3F
A95: Vbus measured | B95: 80 | C95: =DEC2HEX(HEX2DEC(C94)+1) -> 40 | D95: uint16_t
A96: Stato Luci (3 colori RGB) | B96: 80 | C96: =DEC2HEX(HEX2DEC(C95)+1) -> 41 | D96: uint8_t | F96: 0 | G96: 7 | I96: R | K96: bit 2=R, bit 1=G, bit 0=B
A97: Ore lavoro pompa | B97: 80 | C97: =DEC2HEX(HEX2DEC(C96)+1) -> 42 | J97: Log
A98: Ore lavoro EV1 | B98: 80 | C98: =DEC2HEX(HEX2DEC(C97)+1) -> 43 | J98: Log
A99: Ore lavoro EV2 | B99: 80 | C99: =DEC2HEX(HEX2DEC(C98)+1) -> 44 | J99: Log
A100: Ore lavoro EV3 | B100: 80 | C100: =DEC2HEX(HEX2DEC(C99)+1) -> 45 | J100: Log
A101: Ore lavoro EV4 | B101: 80 | C101: =DEC2HEX(HEX2DEC(C100)+1) -> 46 | J101: Log
...

Sheet DATI LOGICI TASTIERA PAC
A1: INDIRIZZI SCHEDE A CUI SI APPLICA QUESTO DIZIONARIO
A2: 0x00030101 | B2: 0x000803C1 | C2: 0x000803C2 | D2: 0x000803C3 | E2: 0x00030102 | F2: 0x00030103 | G2: 0x00020101 | H2: 0x000A0101 | I2: 0x000A0102 | J2: 0x000A0103 | K2: 0x000B0101 | L2: 0x000B0102 | M2: 0x000B0103 | N2: 0x00000101 | O2: 0x000C0101 | P2: 0x000C0102 | Q2: 0x000C0103 | R2: 0x00030141 | S2: 0x0000013F
A3: TASTIERA | B3: INDIRIZZO H+L (hex) | D3: TIPO | E3: FORMATO | F3: MINIMO | G3: MASSIMO | H3: UNITA' DI MISURA | I3: R/W | J3: Uso | K3: Significato | L3: Ubicazione in App | M3: Nome in App | N3: Aspetto in App | O3: Effetti in App
A4: DATI STANDARD
A5: =IF('DATI LOGICI'!A3<>"",'DATI LOGICI'!A3,"") -> Firmware macchina | B5: =IF('DATI LOGICI'!B3<>"",'DATI LOGICI'!B3,"") -> 0 | C5: =IF('DATI LOGICI'!C3<>"",'DATI LOGICI'!C3,"") -> 0 | D5: =IF('DATI LOGICI'!D3<>"",'DATI LOGICI'!D3,"") -> uint16_t | E5: =IF('DATI LOGICI'!E3<>"",'DATI LOGICI'!E3,"") -> 255.255 | F5: =IF('DATI LOGICI'!F3<>"",'DATI LOGICI'!F3,"") -> 0 | G5: =IF('DATI LOGICI'!G3<>"",'DATI LOGICI'!G3,"") -> 255.255 | H5: =IF('DATI LOGICI'!H3<>"",'DATI LOGICI'!H3,"") | I5: =IF('DATI LOGICI'!I3<>"",'DATI LOGICI'!I3,"") -> R
A6: =IF('DATI LOGICI'!A4<>"",'DATI LOGICI'!A4,"") -> Firmware scheda | B6: =IF('DATI LOGICI'!B4<>"",'DATI LOGICI'!B4,"") -> 0 | C6: =IF('DATI LOGICI'!C4<>"",'DATI LOGICI'!C4,"") -> 1 | D6: =IF('DATI LOGICI'!D4<>"",'DATI LOGICI'!D4,"") -> uint16_t | E6: =IF('DATI LOGICI'!E4<>"",'DATI LOGICI'!E4,"") -> 255.255 | F6: =IF('DATI LOGICI'!F4<>"",'DATI LOGICI'!F4,"") -> 0 | G6: =IF('DATI LOGICI'!G4<>"",'DATI LOGICI'!G4,"") -> 255.255 | H6: =IF('DATI LOGICI'!H4<>"",'DATI LOGICI'!H4,"") | I6: =IF('DATI LOGICI'!I4<>"",'DATI LOGICI'!I4,"") -> R
A7: =IF('DATI LOGICI'!A5<>"",'DATI LOGICI'!A5,"") -> Modello | B7: =IF('DATI LOGICI'!B5<>"",'DATI LOGICI'!B5,"") -> 0 | C7: =IF('DATI LOGICI'!C5<>"",'DATI LOGICI'!C5,"") -> 2 | D7: =IF('DATI LOGICI'!D5<>"",'DATI LOGICI'!D5,"") -> String[20] | E7: =IF('DATI LOGICI'!E5<>"",'DATI LOGICI'!E5,"") | F7: =IF('DATI LOGICI'!F5<>"",'DATI LOGICI'!F5,"") | G7: =IF('DATI LOGICI'!G5<>"",'DATI LOGICI'!G5,"") | H7: =IF('DATI LOGICI'!H5<>"",'DATI LOGICI'!H5,"") | I7: =IF('DATI LOGICI'!I5<>"",'DATI LOGICI'!I5,"") -> R
A8: =IF('DATI LOGICI'!A6<>"",'DATI LOGICI'!A6,"") -> Matricola | B8: =IF('DATI LOGICI'!B6<>"",'DATI LOGICI'!B6,"") -> 0 | C8: =IF('DATI LOGICI'!C6<>"",'DATI LOGICI'!C6,"") -> 3 | D8: =IF('DATI LOGICI'!D6<>"",'DATI LOGICI'!D6,"") -> uint32_t | E8: =IF('DATI LOGICI'!E6<>"",'DATI LOGICI'!E6,"") | F8: =IF('DATI LOGICI'!F6<>"",'DATI LOGICI'!F6,"") -> 0 | G8: =IF('DATI LOGICI'!G6<>"",'DATI LOGICI'!G6,"") -> 4294967296 | H8: =IF('DATI LOGICI'!H6<>"",'DATI LOGICI'!H6,"") | I8: =IF('DATI LOGICI'!I6<>"",'DATI LOGICI'!I6,"") -> RW
A9: =IF('DATI LOGICI'!A7<>"",'DATI LOGICI'!A7,"") -> Tipo scheda | B9: =IF('DATI LOGICI'!B7<>"",'DATI LOGICI'!B7,"") -> 0 | C9: =IF('DATI LOGICI'!C7<>"",'DATI LOGICI'!C7,"") -> 4 | D9: =IF('DATI LOGICI'!D7<>"",'DATI LOGICI'!D7,"") -> enum dipendente dalle macchine | E9: =IF('DATI LOGICI'!E7<>"",'DATI LOGICI'!E7,"") | F9: =IF('DATI LOGICI'!F7<>"",'DATI LOGICI'!F7,"") | G9: =IF('DATI LOGICI'!G7<>"",'DATI LOGICI'!G7,"") | H9: =IF('DATI LOGICI'!H7<>"",'DATI LOGICI'!H7,"") | I9: R
A10: =IF('DATI LOGICI'!A8<>"",'DATI LOGICI'!A8,"") -> Stato | B10: =IF('DATI LOGICI'!B8<>"",'DATI LOGICI'!B8,"") -> 0 | C10: =IF('DATI LOGICI'!C8<>"",'DATI LOGICI'!C8,"") -> 5 | D10: =IF('DATI LOGICI'!D8<>"",'DATI LOGICI'!D8,"") -> 3*uint32_t | E10: =IF('DATI LOGICI'!E8<>"",'DATI LOGICI'!E8,"") | F10: =IF('DATI LOGICI'!F8<>"",'DATI LOGICI'!F8,"") | G10: =IF('DATI LOGICI'!G8<>"",'DATI LOGICI'!G8,"") | H10: =IF('DATI LOGICI'!H8<>"",'DATI LOGICI'!H8,"") | I10: =IF('DATI LOGICI'!I8<>"",'DATI LOGICI'!I8,"") -> R
A11: =IF('DATI LOGICI'!A9<>"",'DATI LOGICI'!A9,"") -> Allarmi | B11: =IF('DATI LOGICI'!B9<>"",'DATI LOGICI'!B9,"") -> 0 | C11: =IF('DATI LOGICI'!C9<>"",'DATI LOGICI'!C9,"") -> 6 | D11: =IF('DATI LOGICI'!D9<>"",'DATI LOGICI'!D9,"") -> due word uint16_t bitmapped | E11: =IF('DATI LOGICI'!E9<>"",'DATI LOGICI'!E9,"") | F11: =IF('DATI LOGICI'!F9<>"",'DATI LOGICI'!F9,"") | G11: =IF('DATI LOGICI'!G9<>"",'DATI LOGICI'!G9,"") | H11: =IF('DATI LOGICI'!H9<>"",'DATI LOGICI'!H9,"") | I11: =IF('DATI LOGICI'!I9<>"",'DATI LOGICI'!I9,"") -> R | J11: Log GD
A12: =IF('DATI LOGICI'!A10<>"",'DATI LOGICI'!A10,"") -> Comandi | B12: =IF('DATI LOGICI'!B10<>"",'DATI LOGICI'!B10,"") -> 0 | C12: =IF('DATI LOGICI'!C10<>"",'DATI LOGICI'!C10,"") -> 7 | D12: =IF('DATI LOGICI'!D10<>"",'DATI LOGICI'!D10,"") -> uint16_t | E12: =IF('DATI LOGICI'!E10<>"",'DATI LOGICI'!E10,"") | F12: =IF('DATI LOGICI'!F10<>"",'DATI LOGICI'!F10,"") | G12: =IF('DATI LOGICI'!G10<>"",'DATI LOGICI'!G10,"") | H12: =IF('DATI LOGICI'!H10<>"",'DATI LOGICI'!H10,"") | I12: =IF('DATI LOGICI'!I10<>"",'DATI LOGICI'!I10,"") -> N
A13: =IF('DATI LOGICI'!A11<>"",'DATI LOGICI'!A11,"") -> Temperatura scheda | B13: =IF('DATI LOGICI'!B11<>"",'DATI LOGICI'!B11,"") -> 0 | C13: =IF('DATI LOGICI'!C11<>"",'DATI LOGICI'!C11,"") -> 8 | D13: =IF('DATI LOGICI'!D11<>"",'DATI LOGICI'!D11,"") -> uint16_t | E13: =IF('DATI LOGICI'!E11<>"",'DATI LOGICI'!E11,"") | F13: =IF('DATI LOGICI'!F11<>"",'DATI LOGICI'!F11,"") | G13: =IF('DATI LOGICI'!G11<>"",'DATI LOGICI'!G11,"") | H13: =IF('DATI LOGICI'!H11<>"",'DATI LOGICI'!H11,"") | I13: =IF('DATI LOGICI'!I11<>"",'DATI LOGICI'!I11,"") -> R
A14: =IF('DATI LOGICI'!A12<>"",'DATI LOGICI'!A12,"") -> Secondi lavoro motore parziale | B14: =IF('DATI LOGICI'!B12<>"",'DATI LOGICI'!B12,"") -> 0 | C14: =IF('DATI LOGICI'!C12<>"",'DATI LOGICI'!C12,"") -> 9 | D14: =IF('DATI LOGICI'!D12<>"",'DATI LOGICI'!D12,"") -> uint32_t | E14: =IF('DATI LOGICI'!E12<>"",'DATI LOGICI'!E12,"") | F14: =IF('DATI LOGICI'!F12<>"",'DATI LOGICI'!F12,"") | G14: =IF('DATI LOGICI'!G12<>"",'DATI LOGICI'!G12,"") | H14: =IF('DATI LOGICI'!H12<>"",'DATI LOGICI'!H12,"") | I14: =IF('DATI LOGICI'!I12<>"",'DATI LOGICI'!I12,"") -> RW
A15: =IF('DATI LOGICI'!A13<>"",'DATI LOGICI'!A13,"") -> Secondi lavoro motore totale | B15: =IF('DATI LOGICI'!B13<>"",'DATI LOGICI'!B13,"") -> 0 | C15: =IF('DATI LOGICI'!C13<>"",'DATI LOGICI'!C13,"") -> A | D15: =IF('DATI LOGICI'!D13<>"",'DATI LOGICI'!D13,"") -> uint32_t | E15: =IF('DATI LOGICI'!E13<>"",'DATI LOGICI'!E13,"") | F15: =IF('DATI LOGICI'!F13<>"",'DATI LOGICI'!F13,"") | G15: =IF('DATI LOGICI'!G13<>"",'DATI LOGICI'!G13,"") | H15: =IF('DATI LOGICI'!H13<>"",'DATI LOGICI'!H13,"") | I15: =IF('DATI LOGICI'!I13<>"",'DATI LOGICI'!I13,"") -> RW
A16: =IF('DATI LOGICI'!A14<>"",'DATI LOGICI'!A14,"") -> Cicli complessivi parziale | B16: =IF('DATI LOGICI'!B14<>"",'DATI LOGICI'!B14,"") -> 0 | C16: =IF('DATI LOGICI'!C14<>"",'DATI LOGICI'!C14,"") -> B | D16: =IF('DATI LOGICI'!D14<>"",'DATI LOGICI'!D14,"") -> uint32_t | E16: =IF('DATI LOGICI'!E14<>"",'DATI LOGICI'!E14,"") | F16: =IF('DATI LOGICI'!F14<>"",'DATI LOGICI'!F14,"") | G16: =IF('DATI LOGICI'!G14<>"",'DATI LOGICI'!G14,"") | H16: =IF('DATI LOGICI'!H14<>"",'DATI LOGICI'!H14,"") | I16: =IF('DATI LOGICI'!I14<>"",'DATI LOGICI'!I14,"") -> RW
A17: =IF('DATI LOGICI'!A15<>"",'DATI LOGICI'!A15,"") -> Cicli complessivi totale | B17: =IF('DATI LOGICI'!B15<>"",'DATI LOGICI'!B15,"") -> 0 | C17: =IF('DATI LOGICI'!C15<>"",'DATI LOGICI'!C15,"") -> C | D17: =IF('DATI LOGICI'!D15<>"",'DATI LOGICI'!D15,"") -> uint32_t | E17: =IF('DATI LOGICI'!E15<>"",'DATI LOGICI'!E15,"") | F17: =IF('DATI LOGICI'!F15<>"",'DATI LOGICI'!F15,"") | G17: =IF('DATI LOGICI'!G15<>"",'DATI LOGICI'!G15,"") | H17: =IF('DATI LOGICI'!H15<>"",'DATI LOGICI'!H15,"") | I17: =IF('DATI LOGICI'!I15<>"",'DATI LOGICI'!I15,"") -> RW
A18: =IF('DATI LOGICI'!A16<>"",'DATI LOGICI'!A16,"") -> Cicli completi eseguiti parziale | B18: =IF('DATI LOGICI'!B16<>"",'DATI LOGICI'!B16,"") -> 0 | C18: =IF('DATI LOGICI'!C16<>"",'DATI LOGICI'!C16,"") -> D | D18: =IF('DATI LOGICI'!D16<>"",'DATI LOGICI'!D16,"") -> uint32_t | E18: =IF('DATI LOGICI'!E16<>"",'DATI LOGICI'!E16,"") | F18: =IF('DATI LOGICI'!F16<>"",'DATI LOGICI'!F16,"") | G18: =IF('DATI LOGICI'!G16<>"",'DATI LOGICI'!G16,"") | H18: =IF('DATI LOGICI'!H16<>"",'DATI LOGICI'!H16,"") | I18: =IF('DATI LOGICI'!I16<>"",'DATI LOGICI'!I16,"") -> RW
A19: =IF('DATI LOGICI'!A17<>"",'DATI LOGICI'!A17,"") -> Cicli completi eseguiti totale | B19: =IF('DATI LOGICI'!B17<>"",'DATI LOGICI'!B17,"") -> 0 | C19: =IF('DATI LOGICI'!C17<>"",'DATI LOGICI'!C17,"") -> E | D19: =IF('DATI LOGICI'!D17<>"",'DATI LOGICI'!D17,"") -> uint32_t | E19: =IF('DATI LOGICI'!E17<>"",'DATI LOGICI'!E17,"") | F19: =IF('DATI LOGICI'!F17<>"",'DATI LOGICI'!F17,"") | G19: =IF('DATI LOGICI'!G17<>"",'DATI LOGICI'!G17,"") | H19: =IF('DATI LOGICI'!H17<>"",'DATI LOGICI'!H17,"") | I19: =IF('DATI LOGICI'!I17<>"",'DATI LOGICI'!I17,"") -> RW
A20: =IF('DATI LOGICI'!A18<>"",'DATI LOGICI'!A18,"") -> Livello batteria | B20: =IF('DATI LOGICI'!B18<>"",'DATI LOGICI'!B18,"") -> 0 | C20: =IF('DATI LOGICI'!C18<>"",'DATI LOGICI'!C18,"") -> F | D20: =IF('DATI LOGICI'!D18<>"",'DATI LOGICI'!D18,"") -> uint16_t | E20: =IF('DATI LOGICI'!E18<>"",'DATI LOGICI'!E18,"") | F20: =IF('DATI LOGICI'!F18<>"",'DATI LOGICI'!F18,"") | G20: =IF('DATI LOGICI'!G18<>"",'DATI LOGICI'!G18,"") | H20: =IF('DATI LOGICI'!H18<>"",'DATI LOGICI'!H18,"") | I20: =IF('DATI LOGICI'!I18<>"",'DATI LOGICI'!I18,"") -> R
A21: =IF('DATI LOGICI'!A19<>"",'DATI LOGICI'!A19,"") -> Salute batteria | B21: =IF('DATI LOGICI'!B19<>"",'DATI LOGICI'!B19,"") -> 0 | C21: =IF('DATI LOGICI'!C19<>"",'DATI LOGICI'!C19,"") -> 10 | D21: =IF('DATI LOGICI'!D19<>"",'DATI LOGICI'!D19,"") -> uint16_t | E21: =IF('DATI LOGICI'!E19<>"",'DATI LOGICI'!E19,"") | F21: =IF('DATI LOGICI'!F19<>"",'DATI LOGICI'!F19,"") | G21: =IF('DATI LOGICI'!G19<>"",'DATI LOGICI'!G19,"") | H21: =IF('DATI LOGICI'!H19<>"",'DATI LOGICI'!H19,"") | I21: =IF('DATI LOGICI'!I19<>"",'DATI LOGICI'!I19,"") -> R
A22: =IF('DATI LOGICI'!A20<>"",'DATI LOGICI'!A20,"") -> Cicli batteria | B22: =IF('DATI LOGICI'!B20<>"",'DATI LOGICI'!B20,"") -> 0 | C22: =IF('DATI LOGICI'!C20<>"",'DATI LOGICI'!C20,"") -> 11 | D22: =IF('DATI LOGICI'!D20<>"",'DATI LOGICI'!D20,"") -> uint16_t | E22: =IF('DATI LOGICI'!E20<>"",'DATI LOGICI'!E20,"") | F22: =IF('DATI LOGICI'!F20<>"",'DATI LOGICI'!F20,"") | G22: =IF('DATI LOGICI'!G20<>"",'DATI LOGICI'!G20,"") | H22: =IF('DATI LOGICI'!H20<>"",'DATI LOGICI'!H20,"") | I22: =IF('DATI LOGICI'!I20<>"",'DATI LOGICI'!I20,"") -> R
A23: =IF('DATI LOGICI'!A21<>"",'DATI LOGICI'!A21,"") -> Temperatura batteria | B23: =IF('DATI LOGICI'!B21<>"",'DATI LOGICI'!B21,"") -> 0 | C23: =IF('DATI LOGICI'!C21<>"",'DATI LOGICI'!C21,"") -> 12 | D23: =IF('DATI LOGICI'!D21<>"",'DATI LOGICI'!D21,"") -> int16_t | E23: =IF('DATI LOGICI'!E21<>"",'DATI LOGICI'!E21,"") | F23: =IF('DATI LOGICI'!F21<>"",'DATI LOGICI'!F21,"") | G23: =IF('DATI LOGICI'!G21<>"",'DATI LOGICI'!G21,"") | H23: =IF('DATI LOGICI'!H21<>"",'DATI LOGICI'!H21,"") | I23: =IF('DATI LOGICI'!I21<>"",'DATI LOGICI'!I21,"") -> R
... A27: =IF('DATI LOGICI'!A25<>"",'DATI LOGICI'!A25,"") -> Stato uscite fisiche | B27: =IF('DATI LOGICI'!B25<>"",'DATI LOGICI'!B25,"") -> 0 | C27: =IF('DATI LOGICI'!C25<>"",'DATI LOGICI'!C25,"") -> 16 | D27: =IF('DATI LOGICI'!D25<>"",'DATI LOGICI'!D25,"") -> uint32_t | E27: =IF('DATI LOGICI'!E25<>"",'DATI LOGICI'!E25,"") | F27: =IF('DATI LOGICI'!F25<>"",'DATI LOGICI'!F25,"") | G27: =IF('DATI LOGICI'!G25<>"",'DATI LOGICI'!G25,"") | H27: =IF('DATI LOGICI'!H25<>"",'DATI LOGICI'!H25,"") | I27: =IF('DATI LOGICI'!I25<>"",'DATI LOGICI'!I25,"") -> R
A29: DATI LOGICI TASTIERA
A30: Foto Tasti | B30: 80 | C30: =DEC2HEX(0) -> 0 | D30: uint8_t | I30: R | K30: Variabile logica gestita dalla tastiera esterna
A31: Stato sistema (non più usato) | B31: 80 | C31: =DEC2HEX(HEX2DEC(C30)+1) -> 1 | D31: bool | F31: 0 | G31: 1 | I31: R | K31: 0 = piano fermo, 1 = piano in movimento
A32: Comando Led Verde | B32: 80 | C32: 2 | D32: uint32_t | E32: 255255255255 | F32: 0 | G32: 255255255255 | I32: RW | K32: BYTE 0: Attivazione led, numero ripetizioni bit8: 1=Led acceso fisso bit7: 1=Led lampeggiante bit 6: 1= Single shot, 0 =loop bit 5-0: Numero di lampeggi per ogni ciclo BYTE 1: Tempo di on del singolo lampeggio (in 4ms) BYTE 2: Tempo di off del singolo lampeggio (in 4ms) BYTE 3: Tempo di pausa tra i gruppi di lampeggi (in 4ms)
A33: Comando Led Rosso | B33: 80 | C33: 3 | D33: uint32_t | E33: 255255255255 | F33: 0 | G33: 255255255255 | I33: RW | K33: BYTE 0: Attivazione led, numero ripetizioni bit8: 1=Led acceso fisso bit7: 1=Led lampeggiante bit 6: 1= Single shot, 0 =loop bit 5-0: Numero di lampeggi per ogni ciclo BYTE 1: Tempo di on del singolo lampeggio (in 4ms) BYTE 2: Tempo di off del singolo lampeggio (in 4ms) BYTE 3: Tempo di pausa tra i gruppi di lampeggi (in 4ms)
A34: Comando Buzzer | B34: 80 | C34: 4 | D34: uint32_t | E34: 255255255255 | F34: 0 | G34: 255255255255 | I34: RW | K34: BYTE 0: Attivazione buzzer, numero ripetizioni bit8: 1=Buzzer acceso fisso bit7: 1=Buzzer lampeggiante bit 6-0: Numero di lampeggi per ogni ciclo BYTE 1: Tempo di on del singolo suono (in 4ms) BYTE 2: Tempo di off del singolo suono (in 4ms) BYTE 3: Tempo di pausa tra i gruppi di suoni (in 4ms)
A35: Beep tasti | B35: 80 | C35: =DEC2HEX(HEX2DEC(C34)+1) -> 5 | D35: bool | F35: 0 | G35: 1 | I35: RW | K35: 0 = off, 1 =on

Sheet DATI LOGICI HMI SPYKE
A1: INDIRIZZI SCHEDE A CUI SI APPLICA QUESTO DIZIONARIO
A2: 0x00050201
A3: HMI SPYKE | B3: INDIRIZZO H+L (hex) | D3: TIPO | E3: FORMATO | F3: MINIMO | G3: MASSIMO | H3: UNITA' DI MISURA | I3: R/W | J3: Uso | K3: Significato | L3: Ubicazione in App | M3: Nome in App | N3: Aspetto in App | O3: Effetti in App
A4: DATI STANDARD
A5: =IF('DATI LOGICI'!A3<>"",'DATI LOGICI'!A3,"") -> Firmware macchina | B5: =IF('DATI LOGICI'!B3<>"",'DATI LOGICI'!B3,"") -> 0 | C5: =IF('DATI LOGICI'!C3<>"",'DATI LOGICI'!C3,"") -> 0 | D5: =IF('DATI LOGICI'!D3<>"",'DATI LOGICI'!D3,"") -> uint16_t | E5: =IF('DATI LOGICI'!E3<>"",'DATI LOGICI'!E3,"") -> 255.255 | F5: =IF('DATI LOGICI'!F3<>"",'DATI LOGICI'!F3,"") -> 0 | G5: =IF('DATI LOGICI'!G3<>"",'DATI LOGICI'!G3,"") -> 255.255 | H5: =IF('DATI LOGICI'!H3<>"",'DATI LOGICI'!H3,"") | I5: =IF('DATI LOGICI'!I3<>"",'DATI LOGICI'!I3,"") -> R
A6: =IF('DATI LOGICI'!A4<>"",'DATI LOGICI'!A4,"") -> Firmware scheda | B6: =IF('DATI LOGICI'!B4<>"",'DATI LOGICI'!B4,"") -> 0 | C6: =IF('DATI LOGICI'!C4<>"",'DATI LOGICI'!C4,"") -> 1 | D6: =IF('DATI LOGICI'!D4<>"",'DATI LOGICI'!D4,"") -> uint16_t | E6: =IF('DATI LOGICI'!E4<>"",'DATI LOGICI'!E4,"") -> 255.255 | F6: =IF('DATI LOGICI'!F4<>"",'DATI LOGICI'!F4,"") -> 0 | G6: =IF('DATI LOGICI'!G4<>"",'DATI LOGICI'!G4,"") -> 255.255 | H6: =IF('DATI LOGICI'!H4<>"",'DATI LOGICI'!H4,"") | I6: =IF('DATI LOGICI'!I4<>"",'DATI LOGICI'!I4,"") -> R
A7: =IF('DATI LOGICI'!A5<>"",'DATI LOGICI'!A5,"") -> Modello | B7: =IF('DATI LOGICI'!B5<>"",'DATI LOGICI'!B5,"") -> 0 | C7: =IF('DATI LOGICI'!C5<>"",'DATI LOGICI'!C5,"") -> 2 | D7: =IF('DATI LOGICI'!D5<>"",'DATI LOGICI'!D5,"") -> String[20] | E7: =IF('DATI LOGICI'!E5<>"",'DATI LOGICI'!E5,"") | F7: =IF('DATI LOGICI'!F5<>"",'DATI LOGICI'!F5,"") | G7: =IF('DATI LOGICI'!G5<>"",'DATI LOGICI'!G5,"") | H7: =IF('DATI LOGICI'!H5<>"",'DATI LOGICI'!H5,"") | I7: =IF('DATI LOGICI'!I5<>"",'DATI LOGICI'!I5,"") -> R
A8: =IF('DATI LOGICI'!A6<>"",'DATI LOGICI'!A6,"") -> Matricola | B8: =IF('DATI LOGICI'!B6<>"",'DATI LOGICI'!B6,"") -> 0 | C8: =IF('DATI LOGICI'!C6<>"",'DATI LOGICI'!C6,"") -> 3 | D8: =IF('DATI LOGICI'!D6<>"",'DATI LOGICI'!D6,"") -> uint32_t | E8: =IF('DATI LOGICI'!E6<>"",'DATI LOGICI'!E6,"") | F8: =IF('DATI LOGICI'!F6<>"",'DATI LOGICI'!F6,"") -> 0 | G8: =IF('DATI LOGICI'!G6<>"",'DATI LOGICI'!G6,"") -> 4294967296 | H8: =IF('DATI LOGICI'!H6<>"",'DATI LOGICI'!H6,"") | I8: =IF('DATI LOGICI'!I6<>"",'DATI LOGICI'!I6,"") -> RW
A9: =IF('DATI LOGICI'!A7<>"",'DATI LOGICI'!A7,"") -> Tipo scheda | B9: =IF('DATI LOGICI'!B7<>"",'DATI LOGICI'!B7,"") -> 0 | C9: =IF('DATI LOGICI'!C7<>"",'DATI LOGICI'!C7,"") -> 4 | D9: =IF('DATI LOGICI'!D7<>"",'DATI LOGICI'!D7,"") -> enum dipendente dalle macchine | E9: =IF('DATI LOGICI'!E7<>"",'DATI LOGICI'!E7,"") | F9: =IF('DATI LOGICI'!F7<>"",'DATI LOGICI'!F7,"") | G9: =IF('DATI LOGICI'!G7<>"",'DATI LOGICI'!G7,"") | H9: =IF('DATI LOGICI'!H7<>"",'DATI LOGICI'!H7,"") | I9: =IF('DATI LOGICI'!I7<>"",'DATI LOGICI'!I7,"") -> N
A10: =IF('DATI LOGICI'!A8<>"",'DATI LOGICI'!A8,"") -> Stato | B10: =IF('DATI LOGICI'!B8<>"",'DATI LOGICI'!B8,"") -> 0 | C10: =IF('DATI LOGICI'!C8<>"",'DATI LOGICI'!C8,"") -> 5 | D10: =IF('DATI LOGICI'!D8<>"",'DATI LOGICI'!D8,"") -> 3*uint32_t | E10: =IF('DATI LOGICI'!E8<>"",'DATI LOGICI'!E8,"") | F10: =IF('DATI LOGICI'!F8<>"",'DATI LOGICI'!F8,"") | G10: =IF('DATI LOGICI'!G8<>"",'DATI LOGICI'!G8,"") | H10: =IF('DATI LOGICI'!H8<>"",'DATI LOGICI'!H8,"") | I10: =IF('DATI LOGICI'!I8<>"",'DATI LOGICI'!I8,"") -> R | K10: Macchina a stati
A11: =IF('DATI LOGICI'!A9<>"",'DATI LOGICI'!A9,"") -> Allarmi | B11: =IF('DATI LOGICI'!B9<>"",'DATI LOGICI'!B9,"") -> 0 | C11: =IF('DATI LOGICI'!C9<>"",'DATI LOGICI'!C9,"") -> 6 | D11: =IF('DATI LOGICI'!D9<>"",'DATI LOGICI'!D9,"") -> due word uint16_t bitmapped | E11: =IF('DATI LOGICI'!E9<>"",'DATI LOGICI'!E9,"") | F11: =IF('DATI LOGICI'!F9<>"",'DATI LOGICI'!F9,"") | G11: =IF('DATI LOGICI'!G9<>"",'DATI LOGICI'!G9,"") | H11: =IF('DATI LOGICI'!H9<>"",'DATI LOGICI'!H9,"") | I11: =IF('DATI LOGICI'!I9<>"",'DATI LOGICI'!I9,"") -> R | J11: Log GD | K11: Gli allarmi vengono raccolti da tutte le schede periferiche e raggruppati in un unico gruppo di variabili. Allarmi Errore CAN Tensione troppo bassa Errore touch Errore sensore 10G (se vedo Vricarica senza vedere 10G) Sovraccarico celle (quando sono a tensione batteria massima ma ho ancora corrente) è un errore o un warning? Avvisi Tensione bassa NFC non presente (se barellino agganciato) NFC non riconosciuto (se barellino agganciato) Barellino non agganciato (se NFC presente) Mancanza di Vricarica con 10G agganciato Celle sbilanciate (quando sono in ricarica ma non ho corrente di ricarica) Perdita di stabilità della barella (da giroscopio) Incoerenza leva/pulsante in carico Incoerenza leva/pulsante in scarico
A12: =IF('DATI LOGICI'!A10<>"",'DATI LOGICI'!A10,"") -> Comandi | B12: =IF('DATI LOGICI'!B10<>"",'DATI LOGICI'!B10,"") -> 0 | C12: =IF('DATI LOGICI'!C10<>"",'DATI LOGICI'!C10,"") -> 7 | D12: =IF('DATI LOGICI'!D10<>"",'DATI LOGICI'!D10,"") -> uint16_t | E12: =IF('DATI LOGICI'!E10<>"",'DATI LOGICI'!E10,"") | F12: =IF('DATI LOGICI'!F10<>"",'DATI LOGICI'!F10,"") | G12: =IF('DATI LOGICI'!G10<>"",'DATI LOGICI'!G10,"") | H12: =IF('DATI LOGICI'!H10<>"",'DATI LOGICI'!H10,"") | I12: =IF('DATI LOGICI'!I10<>"",'DATI LOGICI'!I10,"") -> N
A13: =IF('DATI LOGICI'!A11<>"",'DATI LOGICI'!A11,"") -> Temperatura scheda | B13: =IF('DATI LOGICI'!B11<>"",'DATI LOGICI'!B11,"") -> 0 | C13: =IF('DATI LOGICI'!C11<>"",'DATI LOGICI'!C11,"") -> 8 | D13: =IF('DATI LOGICI'!D11<>"",'DATI LOGICI'!D11,"") -> uint16_t | E13: =IF('DATI LOGICI'!E11<>"",'DATI LOGICI'!E11,"") | F13: =IF('DATI LOGICI'!F11<>"",'DATI LOGICI'!F11,"") | G13: =IF('DATI LOGICI'!G11<>"",'DATI LOGICI'!G11,"") | H13: =IF('DATI LOGICI'!H11<>"",'DATI LOGICI'!H11,"") | I13: =IF('DATI LOGICI'!I11<>"",'DATI LOGICI'!I11,"") -> R
A14: =IF('DATI LOGICI'!A12<>"",'DATI LOGICI'!A12,"") -> Secondi lavoro motore parziale | B14: =IF('DATI LOGICI'!B12<>"",'DATI LOGICI'!B12,"") -> 0 | C14: =IF('DATI LOGICI'!C12<>"",'DATI LOGICI'!C12,"") -> 9 | D14: =IF('DATI LOGICI'!D12<>"",'DATI LOGICI'!D12,"") -> uint32_t | E14: =IF('DATI LOGICI'!E12<>"",'DATI LOGICI'!E12,"") | F14: =IF('DATI LOGICI'!F12<>"",'DATI LOGICI'!F12,"") | G14: =IF('DATI LOGICI'!G12<>"",'DATI LOGICI'!G12,"") | H14: =IF('DATI LOGICI'!H12<>"",'DATI LOGICI'!H12,"") | I14: =IF('DATI LOGICI'!I12<>"",'DATI LOGICI'!I12,"") -> RW
A15: =IF('DATI LOGICI'!A13<>"",'DATI LOGICI'!A13,"") -> Secondi lavoro motore totale | B15: =IF('DATI LOGICI'!B13<>"",'DATI LOGICI'!B13,"") -> 0 | C15: =IF('DATI LOGICI'!C13<>"",'DATI LOGICI'!C13,"") -> A | D15: =IF('DATI LOGICI'!D13<>"",'DATI LOGICI'!D13,"") -> uint32_t | E15: =IF('DATI LOGICI'!E13<>"",'DATI LOGICI'!E13,"") | F15: =IF('DATI LOGICI'!F13<>"",'DATI LOGICI'!F13,"") | G15: =IF('DATI LOGICI'!G13<>"",'DATI LOGICI'!G13,"") | H15: =IF('DATI LOGICI'!H13<>"",'DATI LOGICI'!H13,"") | I15: =IF('DATI LOGICI'!I13<>"",'DATI LOGICI'!I13,"") -> RW
A16: =IF('DATI LOGICI'!A14<>"",'DATI LOGICI'!A14,"") -> Cicli complessivi parziale | B16: =IF('DATI LOGICI'!B14<>"",'DATI LOGICI'!B14,"") -> 0 | C16: =IF('DATI LOGICI'!C14<>"",'DATI LOGICI'!C14,"") -> B | D16: =IF('DATI LOGICI'!D14<>"",'DATI LOGICI'!D14,"") -> uint32_t | E16: =IF('DATI LOGICI'!E14<>"",'DATI LOGICI'!E14,"") | F16: =IF('DATI LOGICI'!F14<>"",'DATI LOGICI'!F14,"") | G16: =IF('DATI LOGICI'!G14<>"",'DATI LOGICI'!G14,"") | H16: =IF('DATI LOGICI'!H14<>"",'DATI LOGICI'!H14,"") | I16: =IF('DATI LOGICI'!I14<>"",'DATI LOGICI'!I14,"") -> RW | J16: Log | K16: Numero agganci al 10G resettabile (il segnale arriva dal Gateway ma l'elaborazione come significato e funzione avviene qui)
A17: =IF('DATI LOGICI'!A15<>"",'DATI LOGICI'!A15,"") -> Cicli complessivi totale | B17: =IF('DATI LOGICI'!B15<>"",'DATI LOGICI'!B15,"") -> 0 | C17: =IF('DATI LOGICI'!C15<>"",'DATI LOGICI'!C15,"") -> C | D17: =IF('DATI LOGICI'!D15<>"",'DATI LOGICI'!D15,"") -> uint32_t | E17: =IF('DATI LOGICI'!E15<>"",'DATI LOGICI'!E15,"") | F17: =IF('DATI LOGICI'!F15<>"",'DATI LOGICI'!F15,"") | G17: =IF('DATI LOGICI'!G15<>"",'DATI LOGICI'!G15,"") | H17: =IF('DATI LOGICI'!H15<>"",'DATI LOGICI'!H15,"") | I17: =IF('DATI LOGICI'!I15<>"",'DATI LOGICI'!I15,"") -> RW | J17: Log | K17: Numero agganci al 10G non resettabile
A18: =IF('DATI LOGICI'!A16<>"",'DATI LOGICI'!A16,"") -> Cicli completi eseguiti parziale | B18: =IF('DATI LOGICI'!B16<>"",'DATI LOGICI'!B16,"") -> 0 | C18: =IF('DATI LOGICI'!C16<>"",'DATI LOGICI'!C16,"") -> D | D18: =IF('DATI LOGICI'!D16<>"",'DATI LOGICI'!D16,"") -> uint32_t | E18: =IF('DATI LOGICI'!E16<>"",'DATI LOGICI'!E16,"") | F18: =IF('DATI LOGICI'!F16<>"",'DATI LOGICI'!F16,"") | G18: =IF('DATI LOGICI'!G16<>"",'DATI LOGICI'!G16,"") | H18: =IF('DATI LOGICI'!H16<>"",'DATI LOGICI'!H16,"") | I18: =IF('DATI LOGICI'!I16<>"",'DATI LOGICI'!I16,"") -> RW | J18: Log | K18: Numero agganci al 10G resettabile dopo ciclo Sherpa?
A19: =IF('DATI LOGICI'!A17<>"",'DATI LOGICI'!A17,"") -> Cicli completi eseguiti totale | B19: =IF('DATI LOGICI'!B17<>"",'DATI LOGICI'!B17,"") -> 0 | C19: =IF('DATI LOGICI'!C17<>"",'DATI LOGICI'!C17,"") -> E | D19: =IF('DATI LOGICI'!D17<>"",'DATI LOGICI'!D17,"") -> uint32_t | E19: =IF('DATI LOGICI'!E17<>"",'DATI LOGICI'!E17,"") | F19: =IF('DATI LOGICI'!F17<>"",'DATI LOGICI'!F17,"") | G19: =IF('DATI LOGICI'!G17<>"",'DATI LOGICI'!G17,"") | H19: =IF('DATI LOGICI'!H17<>"",'DATI LOGICI'!H17,"") | I19: =IF('DATI LOGICI'!I17<>"",'DATI LOGICI'!I17,"") -> RW | J19: Log | K19: Numero agganci al 10G non resettabile dopo ciclo Sherpa?
A20: =IF('DATI LOGICI'!A18<>"",'DATI LOGICI'!A18,"") -> Livello batteria | B20: =IF('DATI LOGICI'!B18<>"",'DATI LOGICI'!B18,"") -> 0 | C20: =IF('DATI LOGICI'!C18<>"",'DATI LOGICI'!C18,"") -> F | D20: =IF('DATI LOGICI'!D18<>"",'DATI LOGICI'!D18,"") -> uint16_t | E20: =IF('DATI LOGICI'!E18<>"",'DATI LOGICI'!E18,"") | F20: =IF('DATI LOGICI'!F18<>"",'DATI LOGICI'!F18,"") | G20: =IF('DATI LOGICI'!G18<>"",'DATI LOGICI'!G18,"") | H20: =IF('DATI LOGICI'!H18<>"",'DATI LOGICI'!H18,"") | I20: =IF('DATI LOGICI'!I18<>"",'DATI LOGICI'!I18,"") -> R
A21: =IF('DATI LOGICI'!A19<>"",'DATI LOGICI'!A19,"") -> Salute batteria | B21: =IF('DATI LOGICI'!B19<>"",'DATI LOGICI'!B19,"") -> 0 | C21: =IF('DATI LOGICI'!C19<>"",'DATI LOGICI'!C19,"") -> 10 | D21: =IF('DATI LOGICI'!D19<>"",'DATI LOGICI'!D19,"") -> uint16_t | E21: =IF('DATI LOGICI'!E19<>"",'DATI LOGICI'!E19,"") | F21: =IF('DATI LOGICI'!F19<>"",'DATI LOGICI'!F19,"") | G21: =IF('DATI LOGICI'!G19<>"",'DATI LOGICI'!G19,"") | H21: =IF('DATI LOGICI'!H19<>"",'DATI LOGICI'!H19,"") | I21: =IF('DATI LOGICI'!I19<>"",'DATI LOGICI'!I19,"") -> R
A22: =IF('DATI LOGICI'!A20<>"",'DATI LOGICI'!A20,"") -> Cicli batteria | B22: =IF('DATI LOGICI'!B20<>"",'DATI LOGICI'!B20,"") -> 0 | C22: =IF('DATI LOGICI'!C20<>"",'DATI LOGICI'!C20,"") -> 11 | D22: =IF('DATI LOGICI'!D20<>"",'DATI LOGICI'!D20,"") -> uint16_t | E22: =IF('DATI LOGICI'!E20<>"",'DATI LOGICI'!E20,"") | F22: =IF('DATI LOGICI'!F20<>"",'DATI LOGICI'!F20,"") | G22: =IF('DATI LOGICI'!G20<>"",'DATI LOGICI'!G20,"") | H22: =IF('DATI LOGICI'!H20<>"",'DATI LOGICI'!H20,"") | I22: =IF('DATI LOGICI'!I20<>"",'DATI LOGICI'!I20,"") -> R
A23: =IF('DATI LOGICI'!A21<>"",'DATI LOGICI'!A21,"") -> Temperatura batteria | B23: =IF('DATI LOGICI'!B21<>"",'DATI LOGICI'!B21,"") -> 0 | C23: =IF('DATI LOGICI'!C21<>"",'DATI LOGICI'!C21,"") -> 12 | D23: =IF('DATI LOGICI'!D21<>"",'DATI LOGICI'!D21,"") -> int16_t | E23: =IF('DATI LOGICI'!E21<>"",'DATI LOGICI'!E21,"") | F23: =IF('DATI LOGICI'!F21<>"",'DATI LOGICI'!F21,"") | G23: =IF('DATI LOGICI'!G21<>"",'DATI LOGICI'!G21,"") | H23: =IF('DATI LOGICI'!H21<>"",'DATI LOGICI'!H21,"") | I23: =IF('DATI LOGICI'!I21<>"",'DATI LOGICI'!I21,"") -> R
A24: =IF('DATI LOGICI'!A22<>"",'DATI LOGICI'!A22,"") -> BatteryFirmware | B24: =IF('DATI LOGICI'!B22<>"",'DATI LOGICI'!B22,"") -> 0 | C24: =IF('DATI LOGICI'!C22<>"",'DATI LOGICI'!C22,"") -> 13 | D24: =IF('DATI LOGICI'!D22<>"",'DATI LOGICI'!D22,"") -> uint32_t | E24: =IF('DATI LOGICI'!E22<>"",'DATI LOGICI'!E22,"") | F24: =IF('DATI LOGICI'!F22<>"",'DATI LOGICI'!F22,"") | G24: =IF('DATI LOGICI'!G22<>"",'DATI LOGICI'!G22,"") | H24: =IF('DATI LOGICI'!H22<>"",'DATI LOGICI'!H22,"") | I24: =IF('DATI LOGICI'!I22<>"",'DATI LOGICI'!I22,"") -> R
A25: =IF('DATI LOGICI'!A23<>"",'DATI LOGICI'!A23,"") -> BatterySerial | B25: =IF('DATI LOGICI'!B23<>"",'DATI LOGICI'!B23,"") -> 0 | C25: =IF('DATI LOGICI'!C23<>"",'DATI LOGICI'!C23,"") -> 14 | D25: =IF('DATI LOGICI'!D23<>"",'DATI LOGICI'!D23,"") -> uint32_t | E25: =IF('DATI LOGICI'!E23<>"",'DATI LOGICI'!E23,"") | F25: =IF('DATI LOGICI'!F23<>"",'DATI LOGICI'!F23,"") | G25: =IF('DATI LOGICI'!G23<>"",'DATI LOGICI'!G23,"") | H25: =IF('DATI LOGICI'!H23<>"",'DATI LOGICI'!H23,"") | I25: =IF('DATI LOGICI'!I23<>"",'DATI LOGICI'!I23,"") -> R
A26: =IF('DATI LOGICI'!A24<>"",'DATI LOGICI'!A24,"") -> Stato ingressi fisici | B26: =IF('DATI LOGICI'!B24<>"",'DATI LOGICI'!B24,"") -> 0 | C26: =IF('DATI LOGICI'!C24<>"",'DATI LOGICI'!C24,"") -> 15 | D26: =IF('DATI LOGICI'!D24<>"",'DATI LOGICI'!D24,"") -> uint32_t | E26: =IF('DATI LOGICI'!E24<>"",'DATI LOGICI'!E24,"") | F26: =IF('DATI LOGICI'!F24<>"",'DATI LOGICI'!F24,"") | G26: =IF('DATI LOGICI'!G24<>"",'DATI LOGICI'!G24,"") | H26: =IF('DATI LOGICI'!H24<>"",'DATI LOGICI'!H24,"") | I26: =IF('DATI LOGICI'!I24<>"",'DATI LOGICI'!I24,"") -> R
A27: =IF('DATI LOGICI'!A25<>"",'DATI LOGICI'!A25,"") -> Stato uscite fisiche | B27: =IF('DATI LOGICI'!B25<>"",'DATI LOGICI'!B25,"") -> 0 | C27: =IF('DATI LOGICI'!C25<>"",'DATI LOGICI'!C25,"") -> 16 | D27: =IF('DATI LOGICI'!D25<>"",'DATI LOGICI'!D25,"") -> uint32_t | E27: =IF('DATI LOGICI'!E25<>"",'DATI LOGICI'!E25,"") | F27: =IF('DATI LOGICI'!F25<>"",'DATI LOGICI'!F25,"") | G27: =IF('DATI LOGICI'!G25<>"",'DATI LOGICI'!G25,"") | H27: =IF('DATI LOGICI'!H25<>"",'DATI LOGICI'!H25,"") | I27: =IF('DATI LOGICI'!I25<>"",'DATI LOGICI'!I25,"") -> R
A28: =IF('DATI LOGICI'!A26<>"",'DATI LOGICI'!A26,"") -> Firmware Bootloader | B28: =IF('DATI LOGICI'!B26<>"",'DATI LOGICI'!B26,"") -> 0 | C28: =IF('DATI LOGICI'!C26<>"",'DATI LOGICI'!C26,"") -> 17 | D28: =IF('DATI LOGICI'!D26<>"",'DATI LOGICI'!D26,"") -> uint16_t | E28: =IF('DATI LOGICI'!E26<>"",'DATI LOGICI'!E26,"") -> 255.255 | F28: =IF('DATI LOGICI'!F26<>"",'DATI LOGICI'!F26,"") -> 0 | G28: =IF('DATI LOGICI'!G26<>"",'DATI LOGICI'!G26,"") -> 255.255 | H28: =IF('DATI LOGICI'!H26<>"",'DATI LOGICI'!H26,"") | I28: =IF('DATI LOGICI'!I26<>"",'DATI LOGICI'!I26,"") -> R
A29: =IF('DATI LOGICI'!A27<>"",'DATI LOGICI'!A27,"") | B29: =IF('DATI LOGICI'!B27<>"",'DATI LOGICI'!B27,"") | C29: =IF('DATI LOGICI'!C27<>"",'DATI LOGICI'!C27,"") | D29: =IF('DATI LOGICI'!D27<>"",'DATI LOGICI'!D27,"") | E29: =IF('DATI LOGICI'!E27<>"",'DATI LOGICI'!E27,"") | F29: =IF('DATI LOGICI'!F27<>"",'DATI LOGICI'!F27,"") | G29: =IF('DATI LOGICI'!G27<>"",'DATI LOGICI'!G27,"") | H29: =IF('DATI LOGICI'!H27<>"",'DATI LOGICI'!H27,"") | I29: =IF('DATI LOGICI'!I27<>"",'DATI LOGICI'!I27,"")
A30: =IF('DATI LOGICI'!A28<>"",'DATI LOGICI'!A28,"") | B30: =IF('DATI LOGICI'!B28<>"",'DATI LOGICI'!B28,"") | C30: =IF('DATI LOGICI'!C28<>"",'DATI LOGICI'!C28,"") | D30: =IF('DATI LOGICI'!D28<>"",'DATI LOGICI'!D28,"") | E30: =IF('DATI LOGICI'!E28<>"",'DATI LOGICI'!E28,"") | F30: =IF('DATI LOGICI'!F28<>"",'DATI LOGICI'!F28,"") | G30: =IF('DATI LOGICI'!G28<>"",'DATI LOGICI'!G28,"") | H30: =IF('DATI LOGICI'!H28<>"",'DATI LOGICI'!H28,"") | I30: =IF('DATI LOGICI'!I28<>"",'DATI LOGICI'!I28,"")
A31: =IF('DATI LOGICI'!A29<>"",'DATI LOGICI'!A29,"") | B31: =IF('DATI LOGICI'!B29<>"",'DATI LOGICI'!B29,"") | C31: =IF('DATI LOGICI'!C29<>"",'DATI LOGICI'!C29,"") | D31: =IF('DATI LOGICI'!D29<>"",'DATI LOGICI'!D29,"") | E31: =IF('DATI LOGICI'!E29<>"",'DATI LOGICI'!E29,"") | F31: =IF('DATI LOGICI'!F29<>"",'DATI LOGICI'!F29,"") | G31: =IF('DATI LOGICI'!G29<>"",'DATI LOGICI'!G29,"") | H31: =IF('DATI LOGICI'!H29<>"",'DATI LOGICI'!H29,"") | I31: =IF('DATI LOGICI'!I29<>"",'DATI LOGICI'!I29,"")
... A39: =IF('DATI LOGICI'!A37<>"",'DATI LOGICI'!A37,"") | B39: =IF('DATI LOGICI'!B37<>"",'DATI LOGICI'!B37,"") | C39: =IF('DATI LOGICI'!C37<>"",'DATI LOGICI'!C37,"") | D39: =IF('DATI LOGICI'!D37<>"",'DATI LOGICI'!D37,"") | E39: =IF('DATI LOGICI'!E37<>"",'DATI LOGICI'!E37,"") | F39: =IF('DATI LOGICI'!F37<>"",'DATI LOGICI'!F37,"") | G39: =IF('DATI LOGICI'!G37<>"",'DATI LOGICI'!G37,"") | H39: =IF('DATI LOGICI'!H37<>"",'DATI LOGICI'!H37,"") | I39: =IF('DATI LOGICI'!I37<>"",'DATI LOGICI'!I37,"")
A42: DATI LOGICI HMI SPYKE
A43: Stato pulsanti | B43: 80 | C43: 0 | D43: uint16_t | F43: 0 | G43: 3 | I43: R/W | K43: 0 = Nessun pulsante 1 = Pulsate UP 2 = Pulsante DOWN 3 = Entrambi
A44: Sensore leva | B44: 80 | C44: 1 | D44: bool | F44: 0 | G44: 1 | I44: R | K44: 1 = Leva tirata
A45: Angolo X | B45: 80 | C45: 2 | D45: float | I45: R
A46: Angolo Y | B46: 80 | C46: 3 | D46: float | I46: R
A47: Angolo Z | B47: 80 | C47: 4 | D47: float | I47: R
A48: Accelerazione X | B48: 80 | C48: 5 | D48: float | I48: R
A49: Accelerazione Y | B49: 80 | C49: 6 | D49: float | I49: R
A50: Accelerazione Z | B50: 80 | C50: 7 | D50: float | I50: R
A51: Coordinata X touch | B51: 80 | C51: 8 | D51: float | I51: R
A52: Coordinata Y touch | B52: 80 | C52: 9 | D52: float | I52: R
A53: Gancio 10g | B53: 80 | C53: A | D53: bool | F53: 0 | G53: 1 | I53: R | K53: 1 = Agganciato
A54: Gancio Barella | B54: 80 | C54: B | D54: bool | F54: 0 | G54: 1 | I54: R | K54: 1 = Agganciato
A55: Sensore Sherpa | B55: 80 | C55: C | D55: bool | F55: 0 | G55: 1
A56: Tipo Barella | B56: 80 | C56: D | D56: uint8_t | K56: 0 = Emergency stretcher 1 = Bio stretcher 2 = Bariatric stretcher 3 = Incubator
A57: Stato gateway | B57: 80 | C57: E | D57: uint8_t | K57: 0 = not connected 1 = connected
A58: RSSI LTE | B58: 80 | C58: F | D58: int8_t
A59: RSSI BLE | B59: 80 | C59: 10 | D59: int8_t
A60: Stato connessione Sherpa | B60: 80 | C60: 11 | D60: bool
A61: Stato automa principale | B61: 80 | C61: 12 | D61: uint8_t | K61: 0 = hooked 10g 1 = unhooked 10g 2 = idle out 3 = ongoing out 4 = idle mode in 5 = ongoing in 6 = extracted
A62: Tensione batteria mV | B62: 80 | C62: 13 | D62: uint32_t
A63: Stato ricarica | B63: 80 | C63: 14 | D63: bool | K63: 1 = in ricarica
A64: Livello batteria soglie | B64: 80 | C64: 15 | D64: uint8_t | K64: 0=100% 1=80% 2=60% 3=40% 4=20% 5=warning 6=alarm
A65: Tempo unix | B65: 80 | C65: 16 | D65: uint32_t
A66: Firmware HMI | B66: 80 | C66: 17 | D66: uint16_t | E66: 255255
A67: Abilitazione programmazione Sherpa | B67: 80 | C67: 18 | D67: bool
A68: Gateway loading file | B68: 80 | C68: 19 | D68: bool
A69: Gateway loading file size | B69: 80 | C69: 1A | D69: uint32_t
A70: Gateway loading file transfered | B70: 80 | C70: 1B | D70: uint32_t
A71: Gateway firmware version | B71: 80 | C71: 1C | D71: uint16_t | E71: 255255

Sheet DATI LOGICI GATEWAY SPYKE
A1: INDIRIZZI SCHEDE A CUI SI APPLICA QUESTO DIZIONARIO
A2: 0x000501C1
A3: GATEWAY SPYKE | B3: INDIRIZZO H (hex) | C3: INDIRIZZO L (hex) | D3: TIPO | E3: FORMATO | F3: MINIMO | G3: MASSIMO | H3: UNITA' DI MISURA | I3: R/W | J3: Uso | K3: Significato | L3: Ubicazione in App | M3: Nome in App | N3: Aspetto in App | O3: Effetti in App
A4: DATI STANDARD
A5: =IF('DATI LOGICI'!A3<>"",'DATI LOGICI'!A3,"") -> Firmware macchina | B5: =IF('DATI LOGICI'!B3<>"",'DATI LOGICI'!B3,"") -> 0 | C5: =IF('DATI LOGICI'!C3<>"",'DATI LOGICI'!C3,"") -> 0 | D5: =IF('DATI LOGICI'!D3<>"",'DATI LOGICI'!D3,"") -> uint16_t | E5: =IF('DATI LOGICI'!E3<>"",'DATI LOGICI'!E3,"") -> 255.255 | F5: =IF('DATI LOGICI'!F3<>"",'DATI LOGICI'!F3,"") -> 0 | G5: =IF('DATI LOGICI'!G3<>"",'DATI LOGICI'!G3,"") -> 255.255 | H5: =IF('DATI LOGICI'!H3<>"",'DATI LOGICI'!H3,"") | I5: =IF('DATI LOGICI'!I3<>"",'DATI LOGICI'!I3,"") -> R
A6: =IF('DATI LOGICI'!A4<>"",'DATI LOGICI'!A4,"") -> Firmware scheda | B6: =IF('DATI LOGICI'!B4<>"",'DATI LOGICI'!B4,"") -> 0 | C6: =IF('DATI LOGICI'!C4<>"",'DATI LOGICI'!C4,"") -> 1 | D6: =IF('DATI LOGICI'!D4<>"",'DATI LOGICI'!D4,"") -> uint16_t | E6: =IF('DATI LOGICI'!E4<>"",'DATI LOGICI'!E4,"") -> 255.255 | F6: =IF('DATI LOGICI'!F4<>"",'DATI LOGICI'!F4,"") -> 0 | G6: =IF('DATI LOGICI'!G4<>"",'DATI LOGICI'!G4,"") -> 255.255 | H6: =IF('DATI LOGICI'!H4<>"",'DATI LOGICI'!H4,"") | I6: =IF('DATI LOGICI'!I4<>"",'DATI LOGICI'!I4,"") -> R
A7: =IF('DATI LOGICI'!A5<>"",'DATI LOGICI'!A5,"") -> Modello | B7: =IF('DATI LOGICI'!B5<>"",'DATI LOGICI'!B5,"") -> 0 | C7: =IF('DATI LOGICI'!C5<>"",'DATI LOGICI'!C5,"") -> 2 | D7: =IF('DATI LOGICI'!D5<>"",'DATI LOGICI'!D5,"") -> String[20] | E7: =IF('DATI LOGICI'!E5<>"",'DATI LOGICI'!E5,"") | F7: =IF('DATI LOGICI'!F5<>"",'DATI LOGICI'!F5,"") | G7: =IF('DATI LOGICI'!G5<>"",'DATI LOGICI'!G5,"") | H7: =IF('DATI LOGICI'!H5<>"",'DATI LOGICI'!H5,"") | I7: =IF('DATI LOGICI'!I5<>"",'DATI LOGICI'!I5,"") -> R
A8: =IF('DATI LOGICI'!A6<>"",'DATI LOGICI'!A6,"") -> Matricola | B8: =IF('DATI LOGICI'!B6<>"",'DATI LOGICI'!B6,"") -> 0 | C8: =IF('DATI LOGICI'!C6<>"",'DATI LOGICI'!C6,"") -> 3 | D8: =IF('DATI LOGICI'!D6<>"",'DATI LOGICI'!D6,"") -> uint32_t | E8: =IF('DATI LOGICI'!E6<>"",'DATI LOGICI'!E6,"") | F8: =IF('DATI LOGICI'!F6<>"",'DATI LOGICI'!F6,"") -> 0 | G8: =IF('DATI LOGICI'!G6<>"",'DATI LOGICI'!G6,"") -> 4294967296 | H8: =IF('DATI LOGICI'!H6<>"",'DATI LOGICI'!H6,"") | I8: =IF('DATI LOGICI'!I6<>"",'DATI LOGICI'!I6,"") -> RW
A9: =IF('DATI LOGICI'!A7<>"",'DATI LOGICI'!A7,"") -> Tipo scheda | B9: =IF('DATI LOGICI'!B7<>"",'DATI LOGICI'!B7,"") -> 0 | C9: =IF('DATI LOGICI'!C7<>"",'DATI LOGICI'!C7,"") -> 4 | D9: =IF('DATI LOGICI'!D7<>"",'DATI LOGICI'!D7,"") -> enum dipendente dalle macchine | E9: =IF('DATI LOGICI'!E7<>"",'DATI LOGICI'!E7,"") | F9: =IF('DATI LOGICI'!F7<>"",'DATI LOGICI'!F7,"") | G9: =IF('DATI LOGICI'!G7<>"",'DATI LOGICI'!G7,"") | H9: =IF('DATI LOGICI'!H7<>"",'DATI LOGICI'!H7,"") | I9: =IF('DATI LOGICI'!I7<>"",'DATI LOGICI'!I7,"") -> N
A10: =IF('DATI LOGICI'!A8<>"",'DATI LOGICI'!A8,"") -> Stato | B10: =IF('DATI LOGICI'!B8<>"",'DATI LOGICI'!B8,"") -> 0 | C10: =IF('DATI LOGICI'!C8<>"",'DATI LOGICI'!C8,"") -> 5 | D10: =IF('DATI LOGICI'!D8<>"",'DATI LOGICI'!D8,"") -> 3*uint32_t | E10: =IF('DATI LOGICI'!E8<>"",'DATI LOGICI'!E8,"") | F10: =IF('DATI LOGICI'!F8<>"",'DATI LOGICI'!F8,"") | G10: =IF('DATI LOGICI'!G8<>"",'DATI LOGICI'!G8,"") | H10: =IF('DATI LOGICI'!H8<>"",'DATI LOGICI'!H8,"") | I10: =IF('DATI LOGICI'!I8<>"",'DATI LOGICI'!I8,"") -> R | K10: Macchina a stati
A11: =IF('DATI LOGICI'!A9<>"",'DATI LOGICI'!A9,"") -> Allarmi | B11: =IF('DATI LOGICI'!B9<>"",'DATI LOGICI'!B9,"") -> 0 | C11: =IF('DATI LOGICI'!C9<>"",'DATI LOGICI'!C9,"") -> 6 | D11: =IF('DATI LOGICI'!D9<>"",'DATI LOGICI'!D9,"") -> due word uint16_t bitmapped | E11: =IF('DATI LOGICI'!E9<>"",'DATI LOGICI'!E9,"") | F11: =IF('DATI LOGICI'!F9<>"",'DATI LOGICI'!F9,"") | G11: =IF('DATI LOGICI'!G9<>"",'DATI LOGICI'!G9,"") | H11: =IF('DATI LOGICI'!H9<>"",'DATI LOGICI'!H9,"") | I11: =IF('DATI LOGICI'!I9<>"",'DATI LOGICI'!I9,"") -> R | K11: Allarmi Errore CAN NFC non risponde Mancanza SIM Modulo IoT non risponde Modulo BLE non risponde Avvisi
A12: =IF('DATI LOGICI'!A10<>"",'DATI LOGICI'!A10,"") -> Comandi | B12: =IF('DATI LOGICI'!B10<>"",'DATI LOGICI'!B10,"") -> 0 | C12: =IF('DATI LOGICI'!C10<>"",'DATI LOGICI'!C10,"") -> 7 | D12: =IF('DATI LOGICI'!D10<>"",'DATI LOGICI'!D10,"") -> uint16_t | E12: =IF('DATI LOGICI'!E10<>"",'DATI LOGICI'!E10,"") | F12: =IF('DATI LOGICI'!F10<>"",'DATI LOGICI'!F10,"") | G12: =IF('DATI LOGICI'!G10<>"",'DATI LOGICI'!G10,"") | H12: =IF('DATI LOGICI'!H10<>"",'DATI LOGICI'!H10,"") | I12: =IF('DATI LOGICI'!I10<>"",'DATI LOGICI'!I10,"") -> N
A13: =IF('DATI LOGICI'!A11<>"",'DATI LOGICI'!A11,"") -> Temperatura scheda | B13: =IF('DATI LOGICI'!B11<>"",'DATI LOGICI'!B11,"") -> 0 | C13: =IF('DATI LOGICI'!C11<>"",'DATI LOGICI'!C11,"") -> 8 | D13: =IF('DATI LOGICI'!D11<>"",'DATI LOGICI'!D11,"") -> uint16_t | E13: =IF('DATI LOGICI'!E11<>"",'DATI LOGICI'!E11,"") | F13: =IF('DATI LOGICI'!F11<>"",'DATI LOGICI'!F11,"") | G13: =IF('DATI LOGICI'!G11<>"",'DATI LOGICI'!G11,"") | H13: =IF('DATI LOGICI'!H11<>"",'DATI LOGICI'!H11,"") | I13: =IF('DATI LOGICI'!I11<>"",'DATI LOGICI'!I11,"") -> R
A14: =IF('DATI LOGICI'!A12<>"",'DATI LOGICI'!A12,"") -> Secondi lavoro motore parziale | B14: =IF('DATI LOGICI'!B12<>"",'DATI LOGICI'!B12,"") -> 0 | C14: =IF('DATI LOGICI'!C12<>"",'DATI LOGICI'!C12,"") -> 9 | D14: =IF('DATI LOGICI'!D12<>"",'DATI LOGICI'!D12,"") -> uint32_t | E14: =IF('DATI LOGICI'!E12<>"",'DATI LOGICI'!E12,"") | F14: =IF('DATI LOGICI'!F12<>"",'DATI LOGICI'!F12,"") | G14: =IF('DATI LOGICI'!G12<>"",'DATI LOGICI'!G12,"") | H14: =IF('DATI LOGICI'!H12<>"",'DATI LOGICI'!H12,"") | I14: =IF('DATI LOGICI'!I12<>"",'DATI LOGICI'!I12,"") -> RW
A15: =IF('DATI LOGICI'!A13<>"",'DATI LOGICI'!A13,"") -> Secondi lavoro motore totale | B15: =IF('DATI LOGICI'!B13<>"",'DATI LOGICI'!B13,"") -> 0 | C15: =IF('DATI LOGICI'!C13<>"",'DATI LOGICI'!C13,"") -> A | D15: =IF('DATI LOGICI'!D13<>"",'DATI LOGICI'!D13,"") -> uint32_t | E15: =IF('DATI LOGICI'!E13<>"",'DATI LOGICI'!E13,"") | F15: =IF('DATI LOGICI'!F13<>"",'DATI LOGICI'!F13,"") | G15: =IF('DATI LOGICI'!G13<>"",'DATI LOGICI'!G13,"") | H15: =IF('DATI LOGICI'!H13<>"",'DATI LOGICI'!H13,"") | I15: =IF('DATI LOGICI'!I13<>"",'DATI LOGICI'!I13,"") -> RW
A16: =IF('DATI LOGICI'!A14<>"",'DATI LOGICI'!A14,"") -> Cicli complessivi parziale | B16: =IF('DATI LOGICI'!B14<>"",'DATI LOGICI'!B14,"") -> 0 | C16: =IF('DATI LOGICI'!C14<>"",'DATI LOGICI'!C14,"") -> B | D16: =IF('DATI LOGICI'!D14<>"",'DATI LOGICI'!D14,"") -> uint32_t | E16: =IF('DATI LOGICI'!E14<>"",'DATI LOGICI'!E14,"") | F16: =IF('DATI LOGICI'!F14<>"",'DATI LOGICI'!F14,"") | G16: =IF('DATI LOGICI'!G14<>"",'DATI LOGICI'!G14,"") | H16: =IF('DATI LOGICI'!H14<>"",'DATI LOGICI'!H14,"") | I16: =IF('DATI LOGICI'!I14<>"",'DATI LOGICI'!I14,"") -> RW
A17: =IF('DATI LOGICI'!A15<>"",'DATI LOGICI'!A15,"") -> Cicli complessivi totale | B17: =IF('DATI LOGICI'!B15<>"",'DATI LOGICI'!B15,"") -> 0 | C17: =IF('DATI LOGICI'!C15<>"",'DATI LOGICI'!C15,"") -> C | D17: =IF('DATI LOGICI'!D15<>"",'DATI LOGICI'!D15,"") -> uint32_t | E17: =IF('DATI LOGICI'!E15<>"",'DATI LOGICI'!E15,"") | F17: =IF('DATI LOGICI'!F15<>"",'DATI LOGICI'!F15,"") | G17: =IF('DATI LOGICI'!G15<>"",'DATI LOGICI'!G15,"") | H17: =IF('DATI LOGICI'!H15<>"",'DATI LOGICI'!H15,"") | I17: =IF('DATI LOGICI'!I15<>"",'DATI LOGICI'!I15,"") -> RW
A18: =IF('DATI LOGICI'!A16<>"",'DATI LOGICI'!A16,"") -> Cicli completi eseguiti parziale | B18: =IF('DATI LOGICI'!B16<>"",'DATI LOGICI'!B16,"") -> 0 | C18: =IF('DATI LOGICI'!C16<>"",'DATI LOGICI'!C16,"") -> D | D18: =IF('DATI LOGICI'!D16<>"",'DATI LOGICI'!D16,"") -> uint32_t | E18: =IF('DATI LOGICI'!E16<>"",'DATI LOGICI'!E16,"") | F18: =IF('DATI LOGICI'!F16<>"",'DATI LOGICI'!F16,"") | G18: =IF('DATI LOGICI'!G16<>"",'DATI LOGICI'!G16,"") | H18: =IF('DATI LOGICI'!H16<>"",'DATI LOGICI'!H16,"") | I18: =IF('DATI LOGICI'!I16<>"",'DATI LOGICI'!I16,"") -> RW
A19: =IF('DATI LOGICI'!A17<>"",'DATI LOGICI'!A17,"") -> Cicli completi eseguiti totale | B19: =IF('DATI LOGICI'!B17<>"",'DATI LOGICI'!B17,"") -> 0 | C19: =IF('DATI LOGICI'!C17<>"",'DATI LOGICI'!C17,"") -> E | D19: =IF('DATI LOGICI'!D17<>"",'DATI LOGICI'!D17,"") -> uint32_t | E19: =IF('DATI LOGICI'!E17<>"",'DATI LOGICI'!E17,"") | F19: =IF('DATI LOGICI'!F17<>"",'DATI LOGICI'!F17,"") | G19: =IF('DATI LOGICI'!G17<>"",'DATI LOGICI'!G17,"") | H19: =IF('DATI LOGICI'!H17<>"",'DATI LOGICI'!H17,"") | I19: =IF('DATI LOGICI'!I17<>"",'DATI LOGICI'!I17,"") -> RW
A20: =IF('DATI LOGICI'!A18<>"",'DATI LOGICI'!A18,"") -> Livello batteria | B20: =IF('DATI LOGICI'!B18<>"",'DATI LOGICI'!B18,"") -> 0 | C20: =IF('DATI LOGICI'!C18<>"",'DATI LOGICI'!C18,"") -> F | D20: =IF('DATI LOGICI'!D18<>"",'DATI LOGICI'!D18,"") -> uint16_t | E20: =IF('DATI LOGICI'!E18<>"",'DATI LOGICI'!E18,"") | F20: =IF('DATI LOGICI'!F18<>"",'DATI LOGICI'!F18,"") | G20: =IF('DATI LOGICI'!G18<>"",'DATI LOGICI'!G18,"") | H20: =IF('DATI LOGICI'!H18<>"",'DATI LOGICI'!H18,"") | I20: =IF('DATI LOGICI'!I18<>"",'DATI LOGICI'!I18,"") -> R
A21: =IF('DATI LOGICI'!A19<>"",'DATI LOGICI'!A19,"") -> Salute batteria | B21: =IF('DATI LOGICI'!B19<>"",'DATI LOGICI'!B19,"") -> 0 | C21: =IF('DATI LOGICI'!C19<>"",'DATI LOGICI'!C19,"") -> 10 | D21: =IF('DATI LOGICI'!D19<>"",'DATI LOGICI'!D19,"") -> uint16_t | E21: =IF('DATI LOGICI'!E19<>"",'DATI LOGICI'!E19,"") | F21: =IF('DATI LOGICI'!F19<>"",'DATI LOGICI'!F19,"") | G21: =IF('DATI LOGICI'!G19<>"",'DATI LOGICI'!G19,"") | H21: =IF('DATI LOGICI'!H19<>"",'DATI LOGICI'!H19,"") | I21: =IF('DATI LOGICI'!I19<>"",'DATI LOGICI'!I19,"") -> R
A22: =IF('DATI LOGICI'!A20<>"",'DATI LOGICI'!A20,"") -> Cicli batteria | B22: =IF('DATI LOGICI'!B20<>"",'DATI LOGICI'!B20,"") -> 0 | C22: =IF('DATI LOGICI'!C20<>"",'DATI LOGICI'!C20,"") -> 11 | D22: =IF('DATI LOGICI'!D20<>"",'DATI LOGICI'!D20,"") -> uint16_t | E22: =IF('DATI LOGICI'!E20<>"",'DATI LOGICI'!E20,"") | F22: =IF('DATI LOGICI'!F20<>"",'DATI LOGICI'!F20,"") | G22: =IF('DATI LOGICI'!G20<>"",'DATI LOGICI'!G20,"") | H22: =IF('DATI LOGICI'!H20<>"",'DATI LOGICI'!H20,"") | I22: =IF('DATI LOGICI'!I20<>"",'DATI LOGICI'!I20,"") -> R
A23: =IF('DATI LOGICI'!A21<>"",'DATI LOGICI'!A21,"") -> Temperatura batteria | B23: =IF('DATI LOGICI'!B21<>"",'DATI LOGICI'!B21,"") -> 0 | C23: =IF('DATI LOGICI'!C21<>"",'DATI LOGICI'!C21,"") -> 12 | D23: =IF('DATI LOGICI'!D21<>"",'DATI LOGICI'!D21,"") -> int16_t | E23: =IF('DATI LOGICI'!E21<>"",'DATI LOGICI'!E21,"") | F23: =IF('DATI LOGICI'!F21<>"",'DATI LOGICI'!F21,"") | G23: =IF('DATI LOGICI'!G21<>"",'DATI LOGICI'!G21,"") | H23: =IF('DATI LOGICI'!H21<>"",'DATI LOGICI'!H21,"") | I23: =IF('DATI LOGICI'!I21<>"",'DATI LOGICI'!I21,"") -> R
... A38: =IF('DATI LOGICI'!A36<>"",'DATI LOGICI'!A36,"") | B38: =IF('DATI LOGICI'!B36<>"",'DATI LOGICI'!B36,"") | C38: =IF('DATI LOGICI'!C36<>"",'DATI LOGICI'!C36,"") | D38: =IF('DATI LOGICI'!D36<>"",'DATI LOGICI'!D36,"") | E38: =IF('DATI LOGICI'!E36<>"",'DATI LOGICI'!E36,"") | F38: =IF('DATI LOGICI'!F36<>"",'DATI LOGICI'!F36,"") | G38: =IF('DATI LOGICI'!G36<>"",'DATI LOGICI'!G36,"") | H38: =IF('DATI LOGICI'!H36<>"",'DATI LOGICI'!H36,"") | I38: =IF('DATI LOGICI'!I36<>"",'DATI LOGICI'!I36,"")
A42: DATI LOGICI GATEWAY SPYKE
A43: Gancio 10G | B43: 80 | C43: 0 | D43: uint8_t | I43: R | J43: GD
A44: Gancio barella | B44: 80 | C44: 1 | D44: uint8_t | I44: R | J44: GD
A45: Sensore Sherpa | B45: 80 | C45: 2 | D45: uint8_t | I45: R | J45: GD
A46: NFC | B46: 80 | C46: 3 | D46: uint8_t | I46: R
A47: Luci | B47: 80 | C47: 4 | D47: uint8_t | I47: R/W
A48: Dati SIM | B48: 80 | C48: 5 | D48: custom | I48: R/W
A49: Stato Gateway | B49: 80 | C49: 6 | D49: custom | I49: R
A50: Stato BLE | B50: 80 | C50: 7 | D50: custom | I50: R
A51: Stato LTE | B51: 80 | C51: 8 | D51: custom | I51: R

Sheet DATI LOGICI GRADINO
A1: INDIRIZZI SCHEDE A CUI SI APPLICA QUESTO DIZIONARIO
A2: 0x00040181
A3: GRADINO | B3: INDIRIZZO H+L (hex) | D3: TIPO | E3: FORMATO | F3: MINIMO | G3: MASSIMO | H3: UNITA' DI MISURA | I3: R/W | J3: Uso | K3: Significato
A4: DATI STANDARD
A5: =IF('DATI LOGICI'!A3<>"",'DATI LOGICI'!A3,"") -> Firmware macchina | B5: =IF('DATI LOGICI'!B3<>"",'DATI LOGICI'!B3,"") -> 0 | C5: =IF('DATI LOGICI'!C3<>"",'DATI LOGICI'!C3,"") -> 0 | D5: =IF('DATI LOGICI'!D3<>"",'DATI LOGICI'!D3,"") -> uint16_t | E5: =IF('DATI LOGICI'!E3<>"",'DATI LOGICI'!E3,"") -> 255.255 | F5: =IF('DATI LOGICI'!F3<>"",'DATI LOGICI'!F3,"") -> 0 | G5: =IF('DATI LOGICI'!G3<>"",'DATI LOGICI'!G3,"") -> 255.255 | H5: =IF('DATI LOGICI'!H3<>"",'DATI LOGICI'!H3,"") | I5: =IF('DATI LOGICI'!I3<>"",'DATI LOGICI'!I3,"") -> R
A6: =IF('DATI LOGICI'!A4<>"",'DATI LOGICI'!A4,"") -> Firmware scheda | B6: =IF('DATI LOGICI'!B4<>"",'DATI LOGICI'!B4,"") -> 0 | C6: =IF('DATI LOGICI'!C4<>"",'DATI LOGICI'!C4,"") -> 1 | D6: =IF('DATI LOGICI'!D4<>"",'DATI LOGICI'!D4,"") -> uint16_t | E6: =IF('DATI LOGICI'!E4<>"",'DATI LOGICI'!E4,"") -> 255.255 | F6: =IF('DATI LOGICI'!F4<>"",'DATI LOGICI'!F4,"") -> 0 | G6: =IF('DATI LOGICI'!G4<>"",'DATI LOGICI'!G4,"") -> 255.255 | H6: =IF('DATI LOGICI'!H4<>"",'DATI LOGICI'!H4,"") | I6: =IF('DATI LOGICI'!I4<>"",'DATI LOGICI'!I4,"") -> R
A7: =IF('DATI LOGICI'!A5<>"",'DATI LOGICI'!A5,"") -> Modello | B7: =IF('DATI LOGICI'!B5<>"",'DATI LOGICI'!B5,"") -> 0 | C7: =IF('DATI LOGICI'!C5<>"",'DATI LOGICI'!C5,"") -> 2 | D7: =IF('DATI LOGICI'!D5<>"",'DATI LOGICI'!D5,"") -> String[20] | E7: =IF('DATI LOGICI'!E5<>"",'DATI LOGICI'!E5,"") | F7: =IF('DATI LOGICI'!F5<>"",'DATI LOGICI'!F5,"") | G7: =IF('DATI LOGICI'!G5<>"",'DATI LOGICI'!G5,"") | H7: =IF('DATI LOGICI'!H5<>"",'DATI LOGICI'!H5,"") | I7: =IF('DATI LOGICI'!I5<>"",'DATI LOGICI'!I5,"") -> R
A8: =IF('DATI LOGICI'!A6<>"",'DATI LOGICI'!A6,"") -> Matricola | B8: =IF('DATI LOGICI'!B6<>"",'DATI LOGICI'!B6,"") -> 0 | C8: =IF('DATI LOGICI'!C6<>"",'DATI LOGICI'!C6,"") -> 3 | D8: =IF('DATI LOGICI'!D6<>"",'DATI LOGICI'!D6,"") -> uint32_t | E8: =IF('DATI LOGICI'!E6<>"",'DATI LOGICI'!E6,"") | F8: =IF('DATI LOGICI'!F6<>"",'DATI LOGICI'!F6,"") -> 0 | G8: =IF('DATI LOGICI'!G6<>"",'DATI LOGICI'!G6,"") -> 4294967296 | H8: =IF('DATI LOGICI'!H6<>"",'DATI LOGICI'!H6,"") | I8: =IF('DATI LOGICI'!I6<>"",'DATI LOGICI'!I6,"") -> RW
A9: =IF('DATI LOGICI'!A7<>"",'DATI LOGICI'!A7,"") -> Tipo scheda | B9: =IF('DATI LOGICI'!B7<>"",'DATI LOGICI'!B7,"") -> 0 | C9: =IF('DATI LOGICI'!C7<>"",'DATI LOGICI'!C7,"") -> 4 | D9: =IF('DATI LOGICI'!D7<>"",'DATI LOGICI'!D7,"") -> enum dipendente dalle macchine | E9: =IF('DATI LOGICI'!E7<>"",'DATI LOGICI'!E7,"") | F9: =IF('DATI LOGICI'!F7<>"",'DATI LOGICI'!F7,"") | G9: =IF('DATI LOGICI'!G7<>"",'DATI LOGICI'!G7,"") | H9: =IF('DATI LOGICI'!H7<>"",'DATI LOGICI'!H7,"") | I9: =IF('DATI LOGICI'!I7<>"",'DATI LOGICI'!I7,"") -> N
A10: =IF('DATI LOGICI'!A8<>"",'DATI LOGICI'!A8,"") -> Stato | B10: =IF('DATI LOGICI'!B8<>"",'DATI LOGICI'!B8,"") -> 0 | C10: =IF('DATI LOGICI'!C8<>"",'DATI LOGICI'!C8,"") -> 5 | D10: =IF('DATI LOGICI'!D8<>"",'DATI LOGICI'!D8,"") -> 3*uint32_t | E10: =IF('DATI LOGICI'!E8<>"",'DATI LOGICI'!E8,"") | F10: =IF('DATI LOGICI'!F8<>"",'DATI LOGICI'!F8,"") | G10: =IF('DATI LOGICI'!G8<>"",'DATI LOGICI'!G8,"") | H10: =IF('DATI LOGICI'!H8<>"",'DATI LOGICI'!H8,"") | I10: =IF('DATI LOGICI'!I8<>"",'DATI LOGICI'!I8,"") -> R | K10: 00 = UNDEFINED 01 = OPENING_CALIBRATION 02 = CLOSING_CALIBRATION 03 = RESETTING 04 = END_CLOSING 05 = IN_CLOSING 06 = END_OPENING 07 = IN_OPENING 08 = STOPPED 09 = IN_FAULT 10 = SLOWDOWN_CLOSING 11 = SLOWDOWN_OPENING
A11: =IF('DATI LOGICI'!A9<>"",'DATI LOGICI'!A9,"") -> Allarmi | B11: =IF('DATI LOGICI'!B9<>"",'DATI LOGICI'!B9,"") -> 0 | C11: =IF('DATI LOGICI'!C9<>"",'DATI LOGICI'!C9,"") -> 6 | D11: =IF('DATI LOGICI'!D9<>"",'DATI LOGICI'!D9,"") -> due word uint16_t bitmapped | E11: =IF('DATI LOGICI'!E9<>"",'DATI LOGICI'!E9,"") | F11: =IF('DATI LOGICI'!F9<>"",'DATI LOGICI'!F9,"") | G11: =IF('DATI LOGICI'!G9<>"",'DATI LOGICI'!G9,"") | H11: =IF('DATI LOGICI'!H9<>"",'DATI LOGICI'!H9,"") | I11: =IF('DATI LOGICI'!I9<>"",'DATI LOGICI'!I9,"") -> R
A12: =IF('DATI LOGICI'!A10<>"",'DATI LOGICI'!A10,"") -> Comandi | B12: =IF('DATI LOGICI'!B10<>"",'DATI LOGICI'!B10,"") -> 0 | C12: =IF('DATI LOGICI'!C10<>"",'DATI LOGICI'!C10,"") -> 7 | D12: =IF('DATI LOGICI'!D10<>"",'DATI LOGICI'!D10,"") -> uint16_t | E12: =IF('DATI LOGICI'!E10<>"",'DATI LOGICI'!E10,"") | F12: =IF('DATI LOGICI'!F10<>"",'DATI LOGICI'!F10,"") | G12: =IF('DATI LOGICI'!G10<>"",'DATI LOGICI'!G10,"") | H12: =IF('DATI LOGICI'!H10<>"",'DATI LOGICI'!H10,"") | I12: =IF('DATI LOGICI'!I10<>"",'DATI LOGICI'!I10,"") -> N
A13: =IF('DATI LOGICI'!A11<>"",'DATI LOGICI'!A11,"") -> Temperatura scheda | B13: =IF('DATI LOGICI'!B11<>"",'DATI LOGICI'!B11,"") -> 0 | C13: =IF('DATI LOGICI'!C11<>"",'DATI LOGICI'!C11,"") -> 8 | D13: =IF('DATI LOGICI'!D11<>"",'DATI LOGICI'!D11,"") -> uint16_t | E13: =IF('DATI LOGICI'!E11<>"",'DATI LOGICI'!E11,"") | F13: =IF('DATI LOGICI'!F11<>"",'DATI LOGICI'!F11,"") | G13: =IF('DATI LOGICI'!G11<>"",'DATI LOGICI'!G11,"") | H13: =IF('DATI LOGICI'!H11<>"",'DATI LOGICI'!H11,"") | I13: =IF('DATI LOGICI'!I11<>"",'DATI LOGICI'!I11,"") -> R
A14: =IF('DATI LOGICI'!A12<>"",'DATI LOGICI'!A12,"") -> Secondi lavoro motore parziale | B14: =IF('DATI LOGICI'!B12<>"",'DATI LOGICI'!B12,"") -> 0 | C14: =IF('DATI LOGICI'!C12<>"",'DATI LOGICI'!C12,"") -> 9 | D14: =IF('DATI LOGICI'!D12<>"",'DATI LOGICI'!D12,"") -> uint32_t | E14: =IF('DATI LOGICI'!E12<>"",'DATI LOGICI'!E12,"") | F14: =IF('DATI LOGICI'!F12<>"",'DATI LOGICI'!F12,"") | G14: =IF('DATI LOGICI'!G12<>"",'DATI LOGICI'!G12,"") | H14: =IF('DATI LOGICI'!H12<>"",'DATI LOGICI'!H12,"") | I14: =IF('DATI LOGICI'!I12<>"",'DATI LOGICI'!I12,"") -> RW
A15: =IF('DATI LOGICI'!A13<>"",'DATI LOGICI'!A13,"") -> Secondi lavoro motore totale | B15: =IF('DATI LOGICI'!B13<>"",'DATI LOGICI'!B13,"") -> 0 | C15: =IF('DATI LOGICI'!C13<>"",'DATI LOGICI'!C13,"") -> A | D15: =IF('DATI LOGICI'!D13<>"",'DATI LOGICI'!D13,"") -> uint32_t | E15: =IF('DATI LOGICI'!E13<>"",'DATI LOGICI'!E13,"") | F15: =IF('DATI LOGICI'!F13<>"",'DATI LOGICI'!F13,"") | G15: =IF('DATI LOGICI'!G13<>"",'DATI LOGICI'!G13,"") | H15: =IF('DATI LOGICI'!H13<>"",'DATI LOGICI'!H13,"") | I15: =IF('DATI LOGICI'!I13<>"",'DATI LOGICI'!I13,"") -> RW
A16: =IF('DATI LOGICI'!A14<>"",'DATI LOGICI'!A14,"") -> Cicli complessivi parziale | B16: =IF('DATI LOGICI'!B14<>"",'DATI LOGICI'!B14,"") -> 0 | C16: =IF('DATI LOGICI'!C14<>"",'DATI LOGICI'!C14,"") -> B | D16: =IF('DATI LOGICI'!D14<>"",'DATI LOGICI'!D14,"") -> uint32_t | E16: =IF('DATI LOGICI'!E14<>"",'DATI LOGICI'!E14,"") | F16: =IF('DATI LOGICI'!F14<>"",'DATI LOGICI'!F14,"") | G16: =IF('DATI LOGICI'!G14<>"",'DATI LOGICI'!G14,"") | H16: =IF('DATI LOGICI'!H14<>"",'DATI LOGICI'!H14,"") | I16: =IF('DATI LOGICI'!I14<>"",'DATI LOGICI'!I14,"") -> RW
A17: =IF('DATI LOGICI'!A15<>"",'DATI LOGICI'!A15,"") -> Cicli complessivi totale | B17: =IF('DATI LOGICI'!B15<>"",'DATI LOGICI'!B15,"") -> 0 | C17: =IF('DATI LOGICI'!C15<>"",'DATI LOGICI'!C15,"") -> C | D17: =IF('DATI LOGICI'!D15<>"",'DATI LOGICI'!D15,"") -> uint32_t | E17: =IF('DATI LOGICI'!E15<>"",'DATI LOGICI'!E15,"") | F17: =IF('DATI LOGICI'!F15<>"",'DATI LOGICI'!F15,"") | G17: =IF('DATI LOGICI'!G15<>"",'DATI LOGICI'!G15,"") | H17: =IF('DATI LOGICI'!H15<>"",'DATI LOGICI'!H15,"") | I17: =IF('DATI LOGICI'!I15<>"",'DATI LOGICI'!I15,"") -> RW
A18: =IF('DATI LOGICI'!A16<>"",'DATI LOGICI'!A16,"") -> Cicli completi eseguiti parziale | B18: =IF('DATI LOGICI'!B16<>"",'DATI LOGICI'!B16,"") -> 0 | C18: =IF('DATI LOGICI'!C16<>"",'DATI LOGICI'!C16,"") -> D | D18: =IF('DATI LOGICI'!D16<>"",'DATI LOGICI'!D16,"") -> uint32_t | E18: =IF('DATI LOGICI'!E16<>"",'DATI LOGICI'!E16,"") | F18: =IF('DATI LOGICI'!F16<>"",'DATI LOGICI'!F16,"") | G18: =IF('DATI LOGICI'!G16<>"",'DATI LOGICI'!G16,"") | H18: =IF('DATI LOGICI'!H16<>"",'DATI LOGICI'!H16,"") | I18: =IF('DATI LOGICI'!I16<>"",'DATI LOGICI'!I16,"") -> RW
A19: =IF('DATI LOGICI'!A17<>"",'DATI LOGICI'!A17,"") -> Cicli completi eseguiti totale | B19: =IF('DATI LOGICI'!B17<>"",'DATI LOGICI'!B17,"") -> 0 | C19: =IF('DATI LOGICI'!C17<>"",'DATI LOGICI'!C17,"") -> E | D19: =IF('DATI LOGICI'!D17<>"",'DATI LOGICI'!D17,"") -> uint32_t | E19: =IF('DATI LOGICI'!E17<>"",'DATI LOGICI'!E17,"") | F19: =IF('DATI LOGICI'!F17<>"",'DATI LOGICI'!F17,"") | G19: =IF('DATI LOGICI'!G17<>"",'DATI LOGICI'!G17,"") | H19: =IF('DATI LOGICI'!H17<>"",'DATI LOGICI'!H17,"") | I19: =IF('DATI LOGICI'!I17<>"",'DATI LOGICI'!I17,"") -> RW
A20: =IF('DATI LOGICI'!A18<>"",'DATI LOGICI'!A18,"") -> Livello batteria | B20: =IF('DATI LOGICI'!B18<>"",'DATI LOGICI'!B18,"") -> 0 | C20: =IF('DATI LOGICI'!C18<>"",'DATI LOGICI'!C18,"") -> F | D20: =IF('DATI LOGICI'!D18<>"",'DATI LOGICI'!D18,"") -> uint16_t | E20: =IF('DATI LOGICI'!E18<>"",'DATI LOGICI'!E18,"") | F20: =IF('DATI LOGICI'!F18<>"",'DATI LOGICI'!F18,"") | G20: =IF('DATI LOGICI'!G18<>"",'DATI LOGICI'!G18,"") | H20: =IF('DATI LOGICI'!H18<>"",'DATI LOGICI'!H18,"") | I20: =IF('DATI LOGICI'!I18<>"",'DATI LOGICI'!I18,"") -> R
A21: =IF('DATI LOGICI'!A19<>"",'DATI LOGICI'!A19,"") -> Salute batteria | B21: =IF('DATI LOGICI'!B19<>"",'DATI LOGICI'!B19,"") -> 0 | C21: =IF('DATI LOGICI'!C19<>"",'DATI LOGICI'!C19,"") -> 10 | D21: =IF('DATI LOGICI'!D19<>"",'DATI LOGICI'!D19,"") -> uint16_t | E21: =IF('DATI LOGICI'!E19<>"",'DATI LOGICI'!E19,"") | F21: =IF('DATI LOGICI'!F19<>"",'DATI LOGICI'!F19,"") | G21: =IF('DATI LOGICI'!G19<>"",'DATI LOGICI'!G19,"") | H21: =IF('DATI LOGICI'!H19<>"",'DATI LOGICI'!H19,"") | I21: =IF('DATI LOGICI'!I19<>"",'DATI LOGICI'!I19,"") -> R
A22: =IF('DATI LOGICI'!A20<>"",'DATI LOGICI'!A20,"") -> Cicli batteria | B22: =IF('DATI LOGICI'!B20<>"",'DATI LOGICI'!B20,"") -> 0 | C22: =IF('DATI LOGICI'!C20<>"",'DATI LOGICI'!C20,"") -> 11 | D22: =IF('DATI LOGICI'!D20<>"",'DATI LOGICI'!D20,"") -> uint16_t | E22: =IF('DATI LOGICI'!E20<>"",'DATI LOGICI'!E20,"") | F22: =IF('DATI LOGICI'!F20<>"",'DATI LOGICI'!F20,"") | G22: =IF('DATI LOGICI'!G20<>"",'DATI LOGICI'!G20,"") | H22: =IF('DATI LOGICI'!H20<>"",'DATI LOGICI'!H20,"") | I22: =IF('DATI LOGICI'!I20<>"",'DATI LOGICI'!I20,"") -> R
... A25: =IF('DATI LOGICI'!A23<>"",'DATI LOGICI'!A23,"") -> BatterySerial | B25: =IF('DATI LOGICI'!B23<>"",'DATI LOGICI'!B23,"") -> 0 | C25: =IF('DATI LOGICI'!C23<>"",'DATI LOGICI'!C23,"") -> 14 | D25: =IF('DATI LOGICI'!D23<>"",'DATI LOGICI'!D23,"") -> uint32_t | E25: =IF('DATI LOGICI'!E23<>"",'DATI LOGICI'!E23,"") | F25: =IF('DATI LOGICI'!F23<>"",'DATI LOGICI'!F23,"") | G25: =IF('DATI LOGICI'!G23<>"",'DATI LOGICI'!G23,"") | H25: =IF('DATI LOGICI'!H23<>"",'DATI LOGICI'!H23,"") | I25: =IF('DATI LOGICI'!I23<>"",'DATI LOGICI'!I23,"") -> R
A26: =IF('DATI LOGICI'!A24<>"",'DATI LOGICI'!A24,"") -> Stato ingressi fisici | B26: =IF('DATI LOGICI'!B24<>"",'DATI LOGICI'!B24,"") -> 0 | C26: =IF('DATI LOGICI'!C24<>"",'DATI LOGICI'!C24,"") -> 15 | D26: =IF('DATI LOGICI'!D24<>"",'DATI LOGICI'!D24,"") -> uint32_t | E26: =IF('DATI LOGICI'!E24<>"",'DATI LOGICI'!E24,"") | F26: =IF('DATI LOGICI'!F24<>"",'DATI LOGICI'!F24,"") | G26: =IF('DATI LOGICI'!G24<>"",'DATI LOGICI'!G24,"") | H26: =IF('DATI LOGICI'!H24<>"",'DATI LOGICI'!H24,"") | I26: =IF('DATI LOGICI'!I24<>"",'DATI LOGICI'!I24,"") -> R | K26: Bit 0 = DOOR Bit 1 = FS OPEN Bit 2 = FS CLOSE Bit 3 = FC STEP
A27: =IF('DATI LOGICI'!A25<>"",'DATI LOGICI'!A25,"") -> Stato uscite fisiche | B27: =IF('DATI LOGICI'!B25<>"",'DATI LOGICI'!B25,"") -> 0 | C27: =IF('DATI LOGICI'!C25<>"",'DATI LOGICI'!C25,"") -> 16 | D27: =IF('DATI LOGICI'!D25<>"",'DATI LOGICI'!D25,"") -> uint32_t | E27: =IF('DATI LOGICI'!E25<>"",'DATI LOGICI'!E25,"") | F27: =IF('DATI LOGICI'!F25<>"",'DATI LOGICI'!F25,"") | G27: =IF('DATI LOGICI'!G25<>"",'DATI LOGICI'!G25,"") | H27: =IF('DATI LOGICI'!H25<>"",'DATI LOGICI'!H25,"") | I27: =IF('DATI LOGICI'!I25<>"",'DATI LOGICI'!I25,"") -> R | K27: Bit 0 = LED1
A28: =IF('DATI LOGICI'!A26<>"",'DATI LOGICI'!A26,"") -> Firmware Bootloader | B28: =IF('DATI LOGICI'!B26<>"",'DATI LOGICI'!B26,"") -> 0 | C28: =IF('DATI LOGICI'!C26<>"",'DATI LOGICI'!C26,"") -> 17 | D28: =IF('DATI LOGICI'!D26<>"",'DATI LOGICI'!D26,"") -> uint16_t | E28: =IF('DATI LOGICI'!E26<>"",'DATI LOGICI'!E26,"") -> 255.255 | F28: =IF('DATI LOGICI'!F26<>"",'DATI LOGICI'!F26,"") -> 0 | G28: =IF('DATI LOGICI'!G26<>"",'DATI LOGICI'!G26,"") -> 255.255 | H28: =IF('DATI LOGICI'!H26<>"",'DATI LOGICI'!H26,"") | I28: =IF('DATI LOGICI'!I26<>"",'DATI LOGICI'!I26,"") -> R
A29: =IF('DATI LOGICI'!A27<>"",'DATI LOGICI'!A27,"") | B29: =IF('DATI LOGICI'!B27<>"",'DATI LOGICI'!B27,"") | C29: =IF('DATI LOGICI'!C27<>"",'DATI LOGICI'!C27,"") | D29: =IF('DATI LOGICI'!D27<>"",'DATI LOGICI'!D27,"") | E29: =IF('DATI LOGICI'!E27<>"",'DATI LOGICI'!E27,"") | F29: =IF('DATI LOGICI'!F27<>"",'DATI LOGICI'!F27,"") | G29: =IF('DATI LOGICI'!G27<>"",'DATI LOGICI'!G27,"") | H29: =IF('DATI LOGICI'!H27<>"",'DATI LOGICI'!H27,"") | I29: =IF('DATI LOGICI'!I27<>"",'DATI LOGICI'!I27,"")
A30: =IF('DATI LOGICI'!A28<>"",'DATI LOGICI'!A28,"") | B30: =IF('DATI LOGICI'!B28<>"",'DATI LOGICI'!B28,"") | C30: =IF('DATI LOGICI'!C28<>"",'DATI LOGICI'!C28,"") | D30: =IF('DATI LOGICI'!D28<>"",'DATI LOGICI'!D28,"") | E30: =IF('DATI LOGICI'!E28<>"",'DATI LOGICI'!E28,"") | F30: =IF('DATI LOGICI'!F28<>"",'DATI LOGICI'!F28,"") | G30: =IF('DATI LOGICI'!G28<>"",'DATI LOGICI'!G28,"") | H30: =IF('DATI LOGICI'!H28<>"",'DATI LOGICI'!H28,"") | I30: =IF('DATI LOGICI'!I28<>"",'DATI LOGICI'!I28,"")
A31: =IF('DATI LOGICI'!A29<>"",'DATI LOGICI'!A29,"") | B31: =IF('DATI LOGICI'!B29<>"",'DATI LOGICI'!B29,"") | C31: =IF('DATI LOGICI'!C29<>"",'DATI LOGICI'!C29,"") | D31: =IF('DATI LOGICI'!D29<>"",'DATI LOGICI'!D29,"") | E31: =IF('DATI LOGICI'!E29<>"",'DATI LOGICI'!E29,"") | F31: =IF('DATI LOGICI'!F29<>"",'DATI LOGICI'!F29,"") | G31: =IF('DATI LOGICI'!G29<>"",'DATI LOGICI'!G29,"") | H31: =IF('DATI LOGICI'!H29<>"",'DATI LOGICI'!H29,"") | I31: =IF('DATI LOGICI'!I29<>"",'DATI LOGICI'!I29,"")
A38: DATI GRADINO
A40: Stato keyboard 1 | B40: 80 | C40: =DEC2HEX(0) -> 0 | D40: uint8_t | I40: N | K40: Variabile logica gestita dalla tastiera esterna (non usare con l'app)
A41: StartLearn | B41: 80 | C41: 1 | D41: bool | F41: 0 | G41: 1 | I41: RW | K41: 0 = normale, 1 =vai in apprendimento
A42: Posizione | B42: 80 | C42: 2 | D42: int16_t | F42: -32767 | G42: 32767 | H42: impulsi | I42: R | K42: Posizione attuale in impulsi
A43: Position PID KP | B43: =B72 -> 0 | C43: =C42+1 -> 3 | D43: int16_t | F43: -32767 | G43: 32767 | I43: RW
A44: Position PID KI | B44: =B41 -> 80 | C44: =C43+1 -> 4 | D44: int32_t | F44: -2147483647 | G44: 2147483647 | I44: RW
A45: I Motore | B45: 80 | C45: 5 | D45: int16_t | F45: -800 | G45: 800 | H45: Ampere/100 | I45: R | K45: Corrente del motore
A46: Kp I PID | B46: 80 | C46: 6 | D46: int16_t | F46: -32767 | G46: 32767 | I46: RW | J46: Log GD
A47: Ki I PID | B47: 80 | C47: =C46+1 -> 7 | D47: int32_t | F47: -2147483647 | G47: 2147483647 | I47: RW
A48: Modo FS | B48: 80 | C48: 8 | D48: bool | F48: 0 | G48: 1 | I48: RW | K48: 0= Normale solo contatto porta 1= Modo FS
A49: Cicli complessivi parziale in Apertura | B49: 80 | C49: 9 | D49: uint32_t | F49: 0 | G49: 4294967294 | I49: RW
A50: Cicli complessivi totale in Apertura | B50: 80 | C50: A | D50: uint32_t | F50: 0 | G50: 4294967294 | I50: RW
A51: Cicli completi eseguiti parziale in Apertura | B51: 80 | C51: B | D51: uint32_t | F51: 0 | G51: 4294967294 | I51: RW | J51: Log
A52: Cicli completi eseguiti totale in Apertura | B52: 80 | C52: C | D52: uint32_t | F52: 0 | G52: 4294967294 | I52: RW | J52: Log
A53: Cicli complessivi parziale in Chiusura | B53: 80 | C53: D | D53: uint32_t | F53: 0 | G53: 4294967294 | I53: RW | J53: Log
A54: Cicli complessivi totale in Chiusura | B54: 80 | C54: E | D54: uint32_t | F54: 0 | G54: 4294967294 | I54: RW | J54: Log
A55: Cicli completi eseguiti parziale in Chiusura | B55: 80 | C55: F | D55: uint32_t | F55: 0 | G55: 4294967294 | I55: RW
A56: Cicli completi eseguiti totale in Chiusura | B56: 80 | C56: 10 | D56: uint32_t | F56: 0 | G56: 4294967294 | I56: RW
A57: I max in Apertura | B57: 80 | C57: 11 | D57: int16_t | F57: -800 | G57: 800 | H57: Ampere/100 | I57: R
A58: I media in Apertura | B58: 80 | C58: 12 | D58: int16_t | F58: -800 | G58: 800 | H58: Ampere/100 | I58: R
A59: I max in prima Apertura | B59: 80 | C59: 13 | D59: int16_t | F59: -800 | G59: 800 | H59: Ampere/100 | I59: R
A60: I media in prima Apertura | B60: 80 | C60: 14 | D60: int16_t | F60: -800 | G60: 800 | H60: Ampere/100 | I60: R
A61: I max in Chiusura | B61: 80 | C61: 15 | D61: int16_t | F61: -800 | G61: 800 | H61: Ampere/100 | I61: R
A62: I media in Chiusura | B62: 80 | C62: 16 | D62: int16_t | F62: -800 | G62: 800 | H62: Ampere/100 | I62: R
A63: I max in prima Chiusura | B63: 80 | C63: 17 | D63: int16_t | F63: -800 | G63: 800 | H63: Ampere/100 | I63: R
A64: I media in prima Chiusura | B64: 80 | C64: 18 | D64: int16_t | F64: -800 | G64: 800 | H64: Ampere/100 | I64: R
A65: Salva i valori di prima apertura/chiusura | B65: 80 | C65: 19 | D65: uint8_t | F65: 0 | G65: 7 | I65: RW | K65: bit 0 = 1 salva i valori alla prossima apertura, bit 1 = salva i valori alla prossima chiusura, bit 2 = salva i valori alla fine del prossimo apprendimento
A66: Step Type | B66: 80 | C66: 1A | D66: enum | F66: 0 | G66: 4 | I66: RW | K66: 0 = GE2 1 = GE3 2 = GE4 3 = DRAWER 4 = SHED 5 = BENCH | M66: Magari mettere tra i motor Type anche l'ON/OFF tipo relè come questo.
A67: Velocità LOW (% di NORMAL) | B67: 80 | C67: 1B | D67: uint8_t | F67: 0 | G67: 100 | H67: % | I67: RW
A68: Max current (abs) | B68: 80 | C68: 1C | D68: uint32_t | F68: 300 (?) | G68: 600 (?) | H68: Ampere/100 | I68: RW
A69: Max current primo zero (abs) | B69: 80 | C69: 1D | D69: uint32_t | F69: 200 (?) | G69: 400 (?) | H69: Ampere/100 | I69: RW
A70: Max currentzero (abs) | B70: 80 | C70: 1E | D70: uint32_t | F70: 150 (?) | G70: 300 (?) | H70: Ampere/100 | I70: RW
A71: Motor Type | D71: enum | F71: 0 | G71: 4 | I71: RW | K71: 0 = Not initialized 1 = DC BRUSHLESS 2 = DC 3 = AC INDUCTION 4 = AC BRUSHLESS | M71: Magari mettere tra i motor Type anche l'ON/OFF tipo relè come questo.
A72: Stato Scheda | D72: uint8_t | I72: R
A73: An_Pot1 | D73: uint16_t | F73: 0 | G73: 4095 | H73: Bit | I73: R | J73: Debug
A74: An_Pot2 | D74: uint16_t | F74: 0 | G74: 4095 | H74: Bit | I74: R | J74: Debug

Sheet DATI LOGICI OPTIMUS
A1: INDIRIZZI SCHEDE A CUI SI APPLICA QUESTO DIZIONARIO
A2: 0x00020101
A3: OPTIMUS | B3: INDIRIZZO H+L (hex) | D3: TIPO | E3: FORMATO | F3: MINIMO | G3: MASSIMO | H3: UNITA' DI MISURA | I3: R/W | J3: Uso | K3: Significato
A4: DATI STANDARD
A5: =IF('DATI LOGICI'!A3<>"",'DATI LOGICI'!A3,"") -> Firmware macchina | B5: =IF('DATI LOGICI'!B3<>"",'DATI LOGICI'!B3,"") -> 0 | C5: =IF('DATI LOGICI'!C3<>"",'DATI LOGICI'!C3,"") -> 0 | D5: =IF('DATI LOGICI'!D3<>"",'DATI LOGICI'!D3,"") -> uint16_t | E5: =IF('DATI LOGICI'!E3<>"",'DATI LOGICI'!E3,"") -> 255.255 | F5: =IF('DATI LOGICI'!F3<>"",'DATI LOGICI'!F3,"") -> 0 | G5: =IF('DATI LOGICI'!G3<>"",'DATI LOGICI'!G3,"") -> 255.255 | H5: =IF('DATI LOGICI'!H3<>"",'DATI LOGICI'!H3,"") | I5: =IF('DATI LOGICI'!I3<>"",'DATI LOGICI'!I3,"") -> R
A6: =IF('DATI LOGICI'!A4<>"",'DATI LOGICI'!A4,"") -> Firmware scheda | B6: =IF('DATI LOGICI'!B4<>"",'DATI LOGICI'!B4,"") -> 0 | C6: =IF('DATI LOGICI'!C4<>"",'DATI LOGICI'!C4,"") -> 1 | D6: =IF('DATI LOGICI'!D4<>"",'DATI LOGICI'!D4,"") -> uint16_t | E6: =IF('DATI LOGICI'!E4<>"",'DATI LOGICI'!E4,"") -> 255.255 | F6: =IF('DATI LOGICI'!F4<>"",'DATI LOGICI'!F4,"") -> 0 | G6: =IF('DATI LOGICI'!G4<>"",'DATI LOGICI'!G4,"") -> 255.255 | H6: =IF('DATI LOGICI'!H4<>"",'DATI LOGICI'!H4,"") | I6: =IF('DATI LOGICI'!I4<>"",'DATI LOGICI'!I4,"") -> R
A7: =IF('DATI LOGICI'!A5<>"",'DATI LOGICI'!A5,"") -> Modello | B7: =IF('DATI LOGICI'!B5<>"",'DATI LOGICI'!B5,"") -> 0 | C7: =IF('DATI LOGICI'!C5<>"",'DATI LOGICI'!C5,"") -> 2 | D7: =IF('DATI LOGICI'!D5<>"",'DATI LOGICI'!D5,"") -> String[20] | E7: =IF('DATI LOGICI'!E5<>"",'DATI LOGICI'!E5,"") | F7: =IF('DATI LOGICI'!F5<>"",'DATI LOGICI'!F5,"") | G7: =IF('DATI LOGICI'!G5<>"",'DATI LOGICI'!G5,"") | H7: =IF('DATI LOGICI'!H5<>"",'DATI LOGICI'!H5,"") | I7: =IF('DATI LOGICI'!I5<>"",'DATI LOGICI'!I5,"") -> R
A8: =IF('DATI LOGICI'!A6<>"",'DATI LOGICI'!A6,"") -> Matricola | B8: =IF('DATI LOGICI'!B6<>"",'DATI LOGICI'!B6,"") -> 0 | C8: =IF('DATI LOGICI'!C6<>"",'DATI LOGICI'!C6,"") -> 3 | D8: =IF('DATI LOGICI'!D6<>"",'DATI LOGICI'!D6,"") -> uint32_t | E8: =IF('DATI LOGICI'!E6<>"",'DATI LOGICI'!E6,"") | F8: =IF('DATI LOGICI'!F6<>"",'DATI LOGICI'!F6,"") -> 0 | G8: =IF('DATI LOGICI'!G6<>"",'DATI LOGICI'!G6,"") -> 4294967296 | H8: =IF('DATI LOGICI'!H6<>"",'DATI LOGICI'!H6,"") | I8: =IF('DATI LOGICI'!I6<>"",'DATI LOGICI'!I6,"") -> RW
A9: =IF('DATI LOGICI'!A7<>"",'DATI LOGICI'!A7,"") -> Tipo scheda | B9: =IF('DATI LOGICI'!B7<>"",'DATI LOGICI'!B7,"") -> 0 | C9: =IF('DATI LOGICI'!C7<>"",'DATI LOGICI'!C7,"") -> 4 | D9: =IF('DATI LOGICI'!D7<>"",'DATI LOGICI'!D7,"") -> enum dipendente dalle macchine | E9: =IF('DATI LOGICI'!E7<>"",'DATI LOGICI'!E7,"") | F9: =IF('DATI LOGICI'!F7<>"",'DATI LOGICI'!F7,"") | G9: =IF('DATI LOGICI'!G7<>"",'DATI LOGICI'!G7,"") | H9: =IF('DATI LOGICI'!H7<>"",'DATI LOGICI'!H7,"") | I9: =IF('DATI LOGICI'!I7<>"",'DATI LOGICI'!I7,"") -> N
A10: =IF('DATI LOGICI'!A8<>"",'DATI LOGICI'!A8,"") -> Stato | B10: =IF('DATI LOGICI'!B8<>"",'DATI LOGICI'!B8,"") -> 0 | C10: =IF('DATI LOGICI'!C8<>"",'DATI LOGICI'!C8,"") -> 5 | D10: =IF('DATI LOGICI'!D8<>"",'DATI LOGICI'!D8,"") -> 3*uint32_t | E10: =IF('DATI LOGICI'!E8<>"",'DATI LOGICI'!E8,"") | F10: =IF('DATI LOGICI'!F8<>"",'DATI LOGICI'!F8,"") | G10: =IF('DATI LOGICI'!G8<>"",'DATI LOGICI'!G8,"") | H10: =IF('DATI LOGICI'!H8<>"",'DATI LOGICI'!H8,"") | I10: =IF('DATI LOGICI'!I8<>"",'DATI LOGICI'!I8,"") -> R
A11: =IF('DATI LOGICI'!A9<>"",'DATI LOGICI'!A9,"") -> Allarmi | B11: =IF('DATI LOGICI'!B9<>"",'DATI LOGICI'!B9,"") -> 0 | C11: =IF('DATI LOGICI'!C9<>"",'DATI LOGICI'!C9,"") -> 6 | D11: =IF('DATI LOGICI'!D9<>"",'DATI LOGICI'!D9,"") -> due word uint16_t bitmapped | E11: =IF('DATI LOGICI'!E9<>"",'DATI LOGICI'!E9,"") | F11: =IF('DATI LOGICI'!F9<>"",'DATI LOGICI'!F9,"") | G11: =IF('DATI LOGICI'!G9<>"",'DATI LOGICI'!G9,"") | H11: =IF('DATI LOGICI'!H9<>"",'DATI LOGICI'!H9,"") | I11: =IF('DATI LOGICI'!I9<>"",'DATI LOGICI'!I9,"") -> R
A12: =IF('DATI LOGICI'!A10<>"",'DATI LOGICI'!A10,"") -> Comandi | B12: =IF('DATI LOGICI'!B10<>"",'DATI LOGICI'!B10,"") -> 0 | C12: =IF('DATI LOGICI'!C10<>"",'DATI LOGICI'!C10,"") -> 7 | D12: =IF('DATI LOGICI'!D10<>"",'DATI LOGICI'!D10,"") -> uint16_t | E12: =IF('DATI LOGICI'!E10<>"",'DATI LOGICI'!E10,"") | F12: =IF('DATI LOGICI'!F10<>"",'DATI LOGICI'!F10,"") | G12: =IF('DATI LOGICI'!G10<>"",'DATI LOGICI'!G10,"") | H12: =IF('DATI LOGICI'!H10<>"",'DATI LOGICI'!H10,"") | I12: =IF('DATI LOGICI'!I10<>"",'DATI LOGICI'!I10,"") -> N
A13: =IF('DATI LOGICI'!A11<>"",'DATI LOGICI'!A11,"") -> Temperatura scheda | B13: =IF('DATI LOGICI'!B11<>"",'DATI LOGICI'!B11,"") -> 0 | C13: =IF('DATI LOGICI'!C11<>"",'DATI LOGICI'!C11,"") -> 8 | D13: =IF('DATI LOGICI'!D11<>"",'DATI LOGICI'!D11,"") -> uint16_t | E13: =IF('DATI LOGICI'!E11<>"",'DATI LOGICI'!E11,"") | F13: =IF('DATI LOGICI'!F11<>"",'DATI LOGICI'!F11,"") | G13: =IF('DATI LOGICI'!G11<>"",'DATI LOGICI'!G11,"") | H13: =IF('DATI LOGICI'!H11<>"",'DATI LOGICI'!H11,"") | I13: =IF('DATI LOGICI'!I11<>"",'DATI LOGICI'!I11,"") -> R
A14: =IF('DATI LOGICI'!A12<>"",'DATI LOGICI'!A12,"") -> Secondi lavoro motore parziale | B14: =IF('DATI LOGICI'!B12<>"",'DATI LOGICI'!B12,"") -> 0 | C14: =IF('DATI LOGICI'!C12<>"",'DATI LOGICI'!C12,"") -> 9 | D14: =IF('DATI LOGICI'!D12<>"",'DATI LOGICI'!D12,"") -> uint32_t | E14: =IF('DATI LOGICI'!E12<>"",'DATI LOGICI'!E12,"") | F14: =IF('DATI LOGICI'!F12<>"",'DATI LOGICI'!F12,"") | G14: =IF('DATI LOGICI'!G12<>"",'DATI LOGICI'!G12,"") | H14: =IF('DATI LOGICI'!H12<>"",'DATI LOGICI'!H12,"") | I14: =IF('DATI LOGICI'!I12<>"",'DATI LOGICI'!I12,"") -> RW
A15: =IF('DATI LOGICI'!A13<>"",'DATI LOGICI'!A13,"") -> Secondi lavoro motore totale | B15: =IF('DATI LOGICI'!B13<>"",'DATI LOGICI'!B13,"") -> 0 | C15: =IF('DATI LOGICI'!C13<>"",'DATI LOGICI'!C13,"") -> A | D15: =IF('DATI LOGICI'!D13<>"",'DATI LOGICI'!D13,"") -> uint32_t | E15: =IF('DATI LOGICI'!E13<>"",'DATI LOGICI'!E13,"") | F15: =IF('DATI LOGICI'!F13<>"",'DATI LOGICI'!F13,"") | G15: =IF('DATI LOGICI'!G13<>"",'DATI LOGICI'!G13,"") | H15: =IF('DATI LOGICI'!H13<>"",'DATI LOGICI'!H13,"") | I15: =IF('DATI LOGICI'!I13<>"",'DATI LOGICI'!I13,"") -> RW
A16: =IF('DATI LOGICI'!A14<>"",'DATI LOGICI'!A14,"") -> Cicli complessivi parziale | B16: =IF('DATI LOGICI'!B14<>"",'DATI LOGICI'!B14,"") -> 0 | C16: =IF('DATI LOGICI'!C14<>"",'DATI LOGICI'!C14,"") -> B | D16: =IF('DATI LOGICI'!D14<>"",'DATI LOGICI'!D14,"") -> uint32_t | E16: =IF('DATI LOGICI'!E14<>"",'DATI LOGICI'!E14,"") | F16: =IF('DATI LOGICI'!F14<>"",'DATI LOGICI'!F14,"") | G16: =IF('DATI LOGICI'!G14<>"",'DATI LOGICI'!G14,"") | H16: =IF('DATI LOGICI'!H14<>"",'DATI LOGICI'!H14,"") | I16: =IF('DATI LOGICI'!I14<>"",'DATI LOGICI'!I14,"") -> RW
... A37: =IF('DATI LOGICI'!A35<>"",'DATI LOGICI'!A35,"") | B37: =IF('DATI LOGICI'!B35<>"",'DATI LOGICI'!B35,"") | C37: =IF('DATI LOGICI'!C35<>"",'DATI LOGICI'!C35,"") | D37: =IF('DATI LOGICI'!D35<>"",'DATI LOGICI'!D35,"") | E37: =IF('DATI LOGICI'!E35<>"",'DATI LOGICI'!E35,"") | F37: =IF('DATI LOGICI'!F35<>"",'DATI LOGICI'!F35,"") | G37: =IF('DATI LOGICI'!G35<>"",'DATI LOGICI'!G35,"") | H37: =IF('DATI LOGICI'!H35<>"",'DATI LOGICI'!H35,"") | I37: =IF('DATI LOGICI'!I35<>"",'DATI LOGICI'!I35,"")
A38: DATI OPTIMUS
A39: Stato keyboard | B39: 80 | C39: 0 | D39: uint8_t | I39: N
A40: Motor Running | B40: 80 | C40: 1 | D40: bool | F40: 0 | G40: 1 | I40: R | K40: 0 = motore fermo, 1 = motore in movimento
A41: Motor Type | B41: 80 | C41: 2 | D41: enum | F41: 0 | G41: 4 | I41: R | K41: 0 = Not initialized 1 = DC BRUSHLESS 2 = DC 3 = AC INDUCTION 4 = AC BRUSHLESS | M41: Magari mettere tra i motor Type anche l'ON/OFF tipo relè come questo.
A42: Motor Position Reference | B42: 80 | C42: 3 | D42: int16_t | I42: R
A43: Motor Position | B43: =B40 -> 80 | C43: =C42+1 -> 4 | D43: int16_t | I43: R | L43: Tail Motore
A44: Position PID enabled | B44: =B41 -> 80 | C44: =C43+1 -> 5 | D44: bool | I44: R | J44: Log GD
A45: Position PID KP | B45: =B42 -> 80 | C45: =C44+1 -> 6 | D45: int16_t | I45: RW | L45: Tail Motore
A46: Position PID KI | B46: =B43 -> 80 | C46: =C45+1 -> 7 | D46: int32_t | I46: RW | L46: Tail Motore
A47: Motor Speed Reference | B47: =B44 -> 80 | C47: =C46+1 -> 8 | D47: int16_t | I47: R | M47: Solo per il gradino, l'Optimus è un relè quindi ON/OFF.
A48: Motor Speed | B48: =B45 -> 80 | C48: =C47+1 -> 9 | D48: int16_t | I48: R | L48: Tail Motore
A49: Speed PID enabled | B49: =B46 -> 80 | C49: A | D49: bool | I49: R | J49: Log
A50: Speed PID KP | B50: =B47 -> 80 | C50: B | D50: int16_t | I50: RW | J50: Log | L50: Tail Motore
A51: Speed PID KI | B51: =B48 -> 80 | C51: C | D51: int32_t | I51: RW | J51: Log | L51: Tail Motore
A52: I reference | B52: 80 | C52: D | D52: int16_t | I52: R | J52: Log
A53: Motor I | B53: 80 | C53: E | D53: int16_t | I53: R | L53: Tail Motore
A54: enabled I PID | B54: 80 | C54: F | D54: bool | I54: R
A55: Kp I PID | B55: 80 | C55: 10 | D55: int16_t | I55: RW | L55: Tail Motore
A56: Ki I PID | B56: 80 | C56: =C55+1 -> 11 | D56: int32_t | I56: RW | L56: Tail Motore
A57: Voltage reference applied to the motor | B57: 80 | C57: =C56+1 -> 12 | D57: int16_t | I57: R
A58: Vbus measured | B58: 80 | C58: =C57+1 -> 13 | D58: uint16_t | I58: R
A59: Motor faults | B59: 80 | C59: =C58+1 -> 14 | D59: uint32_t | I59: RW | L59: Tail Motore | M59: Quali sono i faults?
A60: Motor warnings | B60: 80 | C60: =C59+1 -> 15 | D60: uint32_t | I60: RW | L60: Tail Motore | M60: Quali sono i warning?
A61: Number of pulses when breaking in position loop control | B61: 80 | C61: =C60+1 -> 16 | D61: uint16_t | I61: RW
A62: Time for out of control thermal fault (in ms) | B62: 80 | C62: =C61+1 -> 17 | D62: int32_t | I62: RW | M62: Ci sta che il controllo termico valga anche per il relè anche se sarà molto improbabile.
B63: 80 | C63: =C62+1 -> 18
B64: 80 | C64: =C63+1 -> 19
B65: 80 | C65: 1A
B66: 80 | C66: 1B
B67: 80 | C67: 1C
B68: 80 | C68: 1D
A71: Working mode | B71: 80 | C71: 2E | D71: uint32_t | I71: RW
A72: Stato posizione/in mezzo | B72: 80 | C72: 2F | D72: uint8_t | I72: R
A73: Stato movimento motore | B73: 80 | C73: 30 | D73: uint8_t | I73: R
A74: Posizione | B74: 80 | C74: 31 | D74: uint16_t | I74: R
A75: Posizione punto 1 | B75: 80 | C75: 32 | D75: int32_t | I75: R | K75: E' in decimi di grado, va divisa per 10
A76: Posizione punto 2 | B76: 80 | C76: 33 | D76: int32_t | I76: R
A77: Posizione punto 3 | B77: 80 | C77: 34 | D77: int32_t | I77: R
A78: Posizione punto 4 | B78: 80 | C78: 35 | D78: int32_t | I78: R | K78: 0 = funzionameto normale 1 = funzionameto automatico di test 2 = funzionameto manuale di test | L78: Impostazioni | M78: Cosa vuol dire?
A79: Contatore attivazione sensore | B79: 80 | C79: 36 | D79: uint32_t | I79: RW | K79: 0 = in mezzo, 1 = in posizione | M79: Forse è fermo o in movimento?
A80: Gestione fine corsa | B80: 80 | C80: 37 | D80: bool | I80: RW | K80: 0 = solo PC, 1 = PC e PA | M80: Questa potrebbe essere l'inclinazione di carico dell'Optimus.
K81: byte 0 = posizione scarico, byte 1 = posizione carico | M81: Queste potrebbero essere le tre altezze programmate del Top Lift.
L82: Diagnostica
L83: Diagnostica
L84: Diagnostica
L85: Diagnostica
L86: Diagnostica

Sheet DATI LOGICI TOP-LIFT M
A1: INDIRIZZI SCHEDE A CUI SI APPLICA QUESTO DIZIONARIO
A2: 0x000200C1
A3: TOP -LIFT-M | B3: INDIRIZZO H (hex) | C3: INDIRIZZO L (hex) | D3: TIPO | E3: FORMATO | F3: MINIMO | G3: MASSIMO | H3: UNITA' DI MISURA | I3: R/W | J3: Significato
A4: DATI STANDARD
A5: =IF('DATI LOGICI'!A3<>"",'DATI LOGICI'!A3,"") -> Firmware macchina | B5: =IF('DATI LOGICI'!B3<>"",'DATI LOGICI'!B3,"") -> 0 | C5: =IF('DATI LOGICI'!C3<>"",'DATI LOGICI'!C3,"") -> 0 | D5: =IF('DATI LOGICI'!D3<>"",'DATI LOGICI'!D3,"") -> uint16_t | E5: =IF('DATI LOGICI'!E3<>"",'DATI LOGICI'!E3,"") -> 255.255 | F5: =IF('DATI LOGICI'!F3<>"",'DATI LOGICI'!F3,"") -> 0 | G5: =IF('DATI LOGICI'!G3<>"",'DATI LOGICI'!G3,"") -> 255.255 | H5: =IF('DATI LOGICI'!H3<>"",'DATI LOGICI'!H3,"") | I5: =IF('DATI LOGICI'!I3<>"",'DATI LOGICI'!I3,"") -> R
A6: =IF('DATI LOGICI'!A4<>"",'DATI LOGICI'!A4,"") -> Firmware scheda | B6: =IF('DATI LOGICI'!B4<>"",'DATI LOGICI'!B4,"") -> 0 | C6: =IF('DATI LOGICI'!C4<>"",'DATI LOGICI'!C4,"") -> 1 | D6: =IF('DATI LOGICI'!D4<>"",'DATI LOGICI'!D4,"") -> uint16_t | E6: =IF('DATI LOGICI'!E4<>"",'DATI LOGICI'!E4,"") -> 255.255 | F6: =IF('DATI LOGICI'!F4<>"",'DATI LOGICI'!F4,"") -> 0 | G6: =IF('DATI LOGICI'!G4<>"",'DATI LOGICI'!G4,"") -> 255.255 | H6: =IF('DATI LOGICI'!H4<>"",'DATI LOGICI'!H4,"") | I6: =IF('DATI LOGICI'!I4<>"",'DATI LOGICI'!I4,"") -> R
A7: =IF('DATI LOGICI'!A5<>"",'DATI LOGICI'!A5,"") -> Modello | B7: =IF('DATI LOGICI'!B5<>"",'DATI LOGICI'!B5,"") -> 0 | C7: =IF('DATI LOGICI'!C5<>"",'DATI LOGICI'!C5,"") -> 2 | D7: =IF('DATI LOGICI'!D5<>"",'DATI LOGICI'!D5,"") -> String[20] | E7: =IF('DATI LOGICI'!E5<>"",'DATI LOGICI'!E5,"") | F7: =IF('DATI LOGICI'!F5<>"",'DATI LOGICI'!F5,"") | G7: =IF('DATI LOGICI'!G5<>"",'DATI LOGICI'!G5,"") | H7: =IF('DATI LOGICI'!H5<>"",'DATI LOGICI'!H5,"") | I7: =IF('DATI LOGICI'!I5<>"",'DATI LOGICI'!I5,"") -> R
A8: =IF('DATI LOGICI'!A6<>"",'DATI LOGICI'!A6,"") -> Matricola | B8: =IF('DATI LOGICI'!B6<>"",'DATI LOGICI'!B6,"") -> 0 | C8: =IF('DATI LOGICI'!C6<>"",'DATI LOGICI'!C6,"") -> 3 | D8: =IF('DATI LOGICI'!D6<>"",'DATI LOGICI'!D6,"") -> uint32_t | E8: =IF('DATI LOGICI'!E6<>"",'DATI LOGICI'!E6,"") | F8: =IF('DATI LOGICI'!F6<>"",'DATI LOGICI'!F6,"") -> 0 | G8: =IF('DATI LOGICI'!G6<>"",'DATI LOGICI'!G6,"") -> 4294967296 | H8: =IF('DATI LOGICI'!H6<>"",'DATI LOGICI'!H6,"") | I8: R
A9: =IF('DATI LOGICI'!A7<>"",'DATI LOGICI'!A7,"") -> Tipo scheda | B9: =IF('DATI LOGICI'!B7<>"",'DATI LOGICI'!B7,"") -> 0 | C9: =IF('DATI LOGICI'!C7<>"",'DATI LOGICI'!C7,"") -> 4 | D9: =IF('DATI LOGICI'!D7<>"",'DATI LOGICI'!D7,"") -> enum dipendente dalle macchine | E9: =IF('DATI LOGICI'!E7<>"",'DATI LOGICI'!E7,"") | F9: =IF('DATI LOGICI'!F7<>"",'DATI LOGICI'!F7,"") | G9: =IF('DATI LOGICI'!G7<>"",'DATI LOGICI'!G7,"") | H9: =IF('DATI LOGICI'!H7<>"",'DATI LOGICI'!H7,"") | I9: =IF('DATI LOGICI'!I7<>"",'DATI LOGICI'!I7,"") -> N
A10: =IF('DATI LOGICI'!A8<>"",'DATI LOGICI'!A8,"") -> Stato | B10: =IF('DATI LOGICI'!B8<>"",'DATI LOGICI'!B8,"") -> 0 | C10: =IF('DATI LOGICI'!C8<>"",'DATI LOGICI'!C8,"") -> 5 | D10: =IF('DATI LOGICI'!D8<>"",'DATI LOGICI'!D8,"") -> 3*uint32_t | E10: =IF('DATI LOGICI'!E8<>"",'DATI LOGICI'!E8,"") | F10: =IF('DATI LOGICI'!F8<>"",'DATI LOGICI'!F8,"") | G10: =IF('DATI LOGICI'!G8<>"",'DATI LOGICI'!G8,"") | H10: =IF('DATI LOGICI'!H8<>"",'DATI LOGICI'!H8,"") | I10: =IF('DATI LOGICI'!I8<>"",'DATI LOGICI'!I8,"") -> R
A11: =IF('DATI LOGICI'!A9<>"",'DATI LOGICI'!A9,"") -> Allarmi | B11: =IF('DATI LOGICI'!B9<>"",'DATI LOGICI'!B9,"") -> 0 | C11: =IF('DATI LOGICI'!C9<>"",'DATI LOGICI'!C9,"") -> 6 | D11: =IF('DATI LOGICI'!D9<>"",'DATI LOGICI'!D9,"") -> due word uint16_t bitmapped | E11: =IF('DATI LOGICI'!E9<>"",'DATI LOGICI'!E9,"") | F11: =IF('DATI LOGICI'!F9<>"",'DATI LOGICI'!F9,"") | G11: =IF('DATI LOGICI'!G9<>"",'DATI LOGICI'!G9,"") | H11: =IF('DATI LOGICI'!H9<>"",'DATI LOGICI'!H9,"") | I11: =IF('DATI LOGICI'!I9<>"",'DATI LOGICI'!I9,"") -> R
A12: =IF('DATI LOGICI'!A10<>"",'DATI LOGICI'!A10,"") -> Comandi | B12: =IF('DATI LOGICI'!B10<>"",'DATI LOGICI'!B10,"") -> 0 | C12: =IF('DATI LOGICI'!C10<>"",'DATI LOGICI'!C10,"") -> 7 | D12: =IF('DATI LOGICI'!D10<>"",'DATI LOGICI'!D10,"") -> uint16_t | E12: =IF('DATI LOGICI'!E10<>"",'DATI LOGICI'!E10,"") | F12: =IF('DATI LOGICI'!F10<>"",'DATI LOGICI'!F10,"") | G12: =IF('DATI LOGICI'!G10<>"",'DATI LOGICI'!G10,"") | H12: =IF('DATI LOGICI'!H10<>"",'DATI LOGICI'!H10,"") | I12: =IF('DATI LOGICI'!I10<>"",'DATI LOGICI'!I10,"") -> N
A13: =IF('DATI LOGICI'!A11<>"",'DATI LOGICI'!A11,"") -> Temperatura scheda | B13: =IF('DATI LOGICI'!B11<>"",'DATI LOGICI'!B11,"") -> 0 | C13: =IF('DATI LOGICI'!C11<>"",'DATI LOGICI'!C11,"") -> 8 | D13: =IF('DATI LOGICI'!D11<>"",'DATI LOGICI'!D11,"") -> uint16_t | E13: =IF('DATI LOGICI'!E11<>"",'DATI LOGICI'!E11,"") | F13: =IF('DATI LOGICI'!F11<>"",'DATI LOGICI'!F11,"") | G13: =IF('DATI LOGICI'!G11<>"",'DATI LOGICI'!G11,"") | H13: =IF('DATI LOGICI'!H11<>"",'DATI LOGICI'!H11,"") | I13: =IF('DATI LOGICI'!I11<>"",'DATI LOGICI'!I11,"") -> R
A14: =IF('DATI LOGICI'!A12<>"",'DATI LOGICI'!A12,"") -> Secondi lavoro motore parziale | B14: =IF('DATI LOGICI'!B12<>"",'DATI LOGICI'!B12,"") -> 0 | C14: =IF('DATI LOGICI'!C12<>"",'DATI LOGICI'!C12,"") -> 9 | D14: =IF('DATI LOGICI'!D12<>"",'DATI LOGICI'!D12,"") -> uint32_t | E14: =IF('DATI LOGICI'!E12<>"",'DATI LOGICI'!E12,"") | F14: =IF('DATI LOGICI'!F12<>"",'DATI LOGICI'!F12,"") | G14: =IF('DATI LOGICI'!G12<>"",'DATI LOGICI'!G12,"") | H14: =IF('DATI LOGICI'!H12<>"",'DATI LOGICI'!H12,"") | I14: =IF('DATI LOGICI'!I12<>"",'DATI LOGICI'!I12,"") -> RW
A15: =IF('DATI LOGICI'!A13<>"",'DATI LOGICI'!A13,"") -> Secondi lavoro motore totale | B15: =IF('DATI LOGICI'!B13<>"",'DATI LOGICI'!B13,"") -> 0 | C15: =IF('DATI LOGICI'!C13<>"",'DATI LOGICI'!C13,"") -> A | D15: =IF('DATI LOGICI'!D13<>"",'DATI LOGICI'!D13,"") -> uint32_t | E15: =IF('DATI LOGICI'!E13<>"",'DATI LOGICI'!E13,"") | F15: =IF('DATI LOGICI'!F13<>"",'DATI LOGICI'!F13,"") | G15: =IF('DATI LOGICI'!G13<>"",'DATI LOGICI'!G13,"") | H15: =IF('DATI LOGICI'!H13<>"",'DATI LOGICI'!H13,"") | I15: =IF('DATI LOGICI'!I13<>"",'DATI LOGICI'!I13,"") -> RW
A16: =IF('DATI LOGICI'!A14<>"",'DATI LOGICI'!A14,"") -> Cicli complessivi parziale | B16: =IF('DATI LOGICI'!B14<>"",'DATI LOGICI'!B14,"") -> 0 | C16: =IF('DATI LOGICI'!C14<>"",'DATI LOGICI'!C14,"") -> B | D16: =IF('DATI LOGICI'!D14<>"",'DATI LOGICI'!D14,"") -> uint32_t | E16: =IF('DATI LOGICI'!E14<>"",'DATI LOGICI'!E14,"") | F16: =IF('DATI LOGICI'!F14<>"",'DATI LOGICI'!F14,"") | G16: =IF('DATI LOGICI'!G14<>"",'DATI LOGICI'!G14,"") | H16: =IF('DATI LOGICI'!H14<>"",'DATI LOGICI'!H14,"") | I16: =IF('DATI LOGICI'!I14<>"",'DATI LOGICI'!I14,"") -> RW
A17: =IF('DATI LOGICI'!A15<>"",'DATI LOGICI'!A15,"") -> Cicli complessivi totale | B17: =IF('DATI LOGICI'!B15<>"",'DATI LOGICI'!B15,"") -> 0 | C17: =IF('DATI LOGICI'!C15<>"",'DATI LOGICI'!C15,"") -> C | D17: =IF('DATI LOGICI'!D15<>"",'DATI LOGICI'!D15,"") -> uint32_t | E17: =IF('DATI LOGICI'!E15<>"",'DATI LOGICI'!E15,"") | F17: =IF('DATI LOGICI'!F15<>"",'DATI LOGICI'!F15,"") | G17: =IF('DATI LOGICI'!G15<>"",'DATI LOGICI'!G15,"") | H17: =IF('DATI LOGICI'!H15<>"",'DATI LOGICI'!H15,"") | I17: =IF('DATI LOGICI'!I15<>"",'DATI LOGICI'!I15,"") -> RW
A18: =IF('DATI LOGICI'!A16<>"",'DATI LOGICI'!A16,"") -> Cicli completi eseguiti parziale | B18: =IF('DATI LOGICI'!B16<>"",'DATI LOGICI'!B16,"") -> 0 | C18: =IF('DATI LOGICI'!C16<>"",'DATI LOGICI'!C16,"") -> D | D18: =IF('DATI LOGICI'!D16<>"",'DATI LOGICI'!D16,"") -> uint32_t | E18: =IF('DATI LOGICI'!E16<>"",'DATI LOGICI'!E16,"") | F18: =IF('DATI LOGICI'!F16<>"",'DATI LOGICI'!F16,"") | G18: =IF('DATI LOGICI'!G16<>"",'DATI LOGICI'!G16,"") | H18: =IF('DATI LOGICI'!H16<>"",'DATI LOGICI'!H16,"") | I18: =IF('DATI LOGICI'!I16<>"",'DATI LOGICI'!I16,"") -> RW | K18: numero cicli di lavoro completi totale
A19: =IF('DATI LOGICI'!A17<>"",'DATI LOGICI'!A17,"") -> Cicli completi eseguiti totale | B19: =IF('DATI LOGICI'!B17<>"",'DATI LOGICI'!B17,"") -> 0 | C19: =IF('DATI LOGICI'!C17<>"",'DATI LOGICI'!C17,"") -> E | D19: =IF('DATI LOGICI'!D17<>"",'DATI LOGICI'!D17,"") -> uint32_t | E19: =IF('DATI LOGICI'!E17<>"",'DATI LOGICI'!E17,"") | F19: 0 | G19: 100 | H19: % | I19: =IF('DATI LOGICI'!I17<>"",'DATI LOGICI'!I17,"") -> RW
A20: =IF('DATI LOGICI'!A18<>"",'DATI LOGICI'!A18,"") -> Livello batteria | B20: =IF('DATI LOGICI'!B18<>"",'DATI LOGICI'!B18,"") -> 0 | C20: =IF('DATI LOGICI'!C18<>"",'DATI LOGICI'!C18,"") -> F | D20: =IF('DATI LOGICI'!D18<>"",'DATI LOGICI'!D18,"") -> uint16_t | E20: =IF('DATI LOGICI'!E18<>"",'DATI LOGICI'!E18,"") | F20: =IF('DATI LOGICI'!F18<>"",'DATI LOGICI'!F18,"") | G20: =IF('DATI LOGICI'!G18<>"",'DATI LOGICI'!G18,"") | H20: =IF('DATI LOGICI'!H18<>"",'DATI LOGICI'!H18,"") | I20: =IF('DATI LOGICI'!I18<>"",'DATI LOGICI'!I18,"") -> R
A21: =IF('DATI LOGICI'!A19<>"",'DATI LOGICI'!A19,"") -> Salute batteria | B21: =IF('DATI LOGICI'!B19<>"",'DATI LOGICI'!B19,"") -> 0 | C21: =IF('DATI LOGICI'!C19<>"",'DATI LOGICI'!C19,"") -> 10 | D21: =IF('DATI LOGICI'!D19<>"",'DATI LOGICI'!D19,"") -> uint16_t | E21: =IF('DATI LOGICI'!E19<>"",'DATI LOGICI'!E19,"") | F21: =IF('DATI LOGICI'!F19<>"",'DATI LOGICI'!F19,"") | G21: =IF('DATI LOGICI'!G19<>"",'DATI LOGICI'!G19,"") | H21: =IF('DATI LOGICI'!H19<>"",'DATI LOGICI'!H19,"") | I21: =IF('DATI LOGICI'!I19<>"",'DATI LOGICI'!I19,"") -> R
A22: =IF('DATI LOGICI'!A20<>"",'DATI LOGICI'!A20,"") -> Cicli batteria | B22: =IF('DATI LOGICI'!B20<>"",'DATI LOGICI'!B20,"") -> 0 | C22: =IF('DATI LOGICI'!C20<>"",'DATI LOGICI'!C20,"") -> 11 | D22: =IF('DATI LOGICI'!D20<>"",'DATI LOGICI'!D20,"") -> uint16_t | E22: =IF('DATI LOGICI'!E20<>"",'DATI LOGICI'!E20,"") | F22: =IF('DATI LOGICI'!F20<>"",'DATI LOGICI'!F20,"") | G22: =IF('DATI LOGICI'!G20<>"",'DATI LOGICI'!G20,"") | H22: =IF('DATI LOGICI'!H20<>"",'DATI LOGICI'!H20,"") | I22: =IF('DATI LOGICI'!I20<>"",'DATI LOGICI'!I20,"") -> R
A23: =IF('DATI LOGICI'!A21<>"",'DATI LOGICI'!A21,"") -> Temperatura batteria | B23: =IF('DATI LOGICI'!B21<>"",'DATI LOGICI'!B21,"") -> 0 | C23: =IF('DATI LOGICI'!C21<>"",'DATI LOGICI'!C21,"") -> 12 | D23: =IF('DATI LOGICI'!D21<>"",'DATI LOGICI'!D21,"") -> int16_t | E23: =IF('DATI LOGICI'!E21<>"",'DATI LOGICI'!E21,"") | F23: =IF('DATI LOGICI'!F21<>"",'DATI LOGICI'!F21,"") | G23: =IF('DATI LOGICI'!G21<>"",'DATI LOGICI'!G21,"") | H23: =IF('DATI LOGICI'!H21<>"",'DATI LOGICI'!H21,"") | I23: =IF('DATI LOGICI'!I21<>"",'DATI LOGICI'!I21,"") -> R
A24: =IF('DATI LOGICI'!A22<>"",'DATI LOGICI'!A22,"") -> BatteryFirmware | B24: =IF('DATI LOGICI'!B22<>"",'DATI LOGICI'!B22,"") -> 0 | C24: =IF('DATI LOGICI'!C22<>"",'DATI LOGICI'!C22,"") -> 13 | D24: =IF('DATI LOGICI'!D22<>"",'DATI LOGICI'!D22,"") -> uint32_t | E24: =IF('DATI LOGICI'!E22<>"",'DATI LOGICI'!E22,"") | F24: =IF('DATI LOGICI'!F22<>"",'DATI LOGICI'!F22,"") | G24: =IF('DATI LOGICI'!G22<>"",'DATI LOGICI'!G22,"") | H24: =IF('DATI LOGICI'!H22<>"",'DATI LOGICI'!H22,"") | I24: =IF('DATI LOGICI'!I22<>"",'DATI LOGICI'!I22,"") -> R
A25: =IF('DATI LOGICI'!A23<>"",'DATI LOGICI'!A23,"") -> BatterySerial | B25: =IF('DATI LOGICI'!B23<>"",'DATI LOGICI'!B23,"") -> 0 | C25: =IF('DATI LOGICI'!C23<>"",'DATI LOGICI'!C23,"") -> 14 | D25: =IF('DATI LOGICI'!D23<>"",'DATI LOGICI'!D23,"") -> uint32_t | E25: =IF('DATI LOGICI'!E23<>"",'DATI LOGICI'!E23,"") | F25: =IF('DATI LOGICI'!F23<>"",'DATI LOGICI'!F23,"") | G25: =IF('DATI LOGICI'!G23<>"",'DATI LOGICI'!G23,"") | H25: =IF('DATI LOGICI'!H23<>"",'DATI LOGICI'!H23,"") | I25: =IF('DATI LOGICI'!I23<>"",'DATI LOGICI'!I23,"") -> R
A26: =IF('DATI LOGICI'!A24<>"",'DATI LOGICI'!A24,"") -> Stato ingressi fisici | B26: =IF('DATI LOGICI'!B24<>"",'DATI LOGICI'!B24,"") -> 0 | C26: =IF('DATI LOGICI'!C24<>"",'DATI LOGICI'!C24,"") -> 15 | D26: =IF('DATI LOGICI'!D24<>"",'DATI LOGICI'!D24,"") -> uint32_t | E26: =IF('DATI LOGICI'!E24<>"",'DATI LOGICI'!E24,"") | F26: =IF('DATI LOGICI'!F24<>"",'DATI LOGICI'!F24,"") | G26: =IF('DATI LOGICI'!G24<>"",'DATI LOGICI'!G24,"") | H26: =IF('DATI LOGICI'!H24<>"",'DATI LOGICI'!H24,"") | I26: =IF('DATI LOGICI'!I24<>"",'DATI LOGICI'!I24,"") -> R
A27: =IF('DATI LOGICI'!A26<>"",'DATI LOGICI'!A26,"") -> Firmware Bootloader | B27: =IF('DATI LOGICI'!B26<>"",'DATI LOGICI'!B26,"") -> 0 | C27: =IF('DATI LOGICI'!C26<>"",'DATI LOGICI'!C26,"") -> 17 | D27: =IF('DATI LOGICI'!D26<>"",'DATI LOGICI'!D26,"") -> uint16_t | E27: =IF('DATI LOGICI'!E26<>"",'DATI LOGICI'!E26,"") -> 255.255 | F27: =IF('DATI LOGICI'!F26<>"",'DATI LOGICI'!F26,"") -> 0 | G27: =IF('DATI LOGICI'!G26<>"",'DATI LOGICI'!G26,"") -> 255.255 | H27: =IF('DATI LOGICI'!H26<>"",'DATI LOGICI'!H26,"") | I27: =IF('DATI LOGICI'!I26<>"",'DATI LOGICI'!I26,"") -> R
A28: Stato keyboard | B28: 80 | C28: 0 | D28: uint8_t | I28: N
A29: Motor Running | B29: 80 | C29: 1 | D29: bool | F29: 0 | G29: 1 | I29: R | J29: 0 = motore fermo, 1 = motore in movimento
A30: Motor Type | B30: 80 | C30: 2 | D30: enum | F30: 0 | G30: 4 | I30: R | J30: 0 = Not initialized 1 = DC BRUSHLESS 2 = DC 3 = AC INDUCTION 4 = AC BRUSHLESS | L30: Magari mettere tra i motor Type anche l'ON/OFF tipo relè come questo.
A31: Motor Position Reference | B31: 80 | C31: 3 | D31: int16_t | I31: R
A32: Motor Position | B32: =B29 -> 80 | C32: =C31+1 -> 4 | D32: int16_t | I32: R
A33: Position PID enabled | B33: =B30 -> 80 | C33: =C32+1 -> 5 | D33: bool | I33: R
A34: Position PID KP | B34: =B31 -> 80 | C34: =C33+1 -> 6 | D34: int16_t | I34: RW
A35: Position PID KI | B35: =B32 -> 80 | C35: =C34+1 -> 7 | D35: int32_t | I35: RW
A36: Motor Speed Reference | B36: =B33 -> 80 | C36: =C35+1 -> 8 | D36: int16_t | I36: R
A37: Motor Speed | B37: =B34 -> 80 | C37: =C36+1 -> 9 | D37: int16_t | I37: R
A38: Speed PID enabled | B38: =B35 -> 80 | C38: A | D38: bool | I38: R
A39: Speed PID KP | B39: =B36 -> 80 | C39: B | D39: int16_t | I39: RW
A40: Speed PID KI | B40: =B37 -> 80 | C40: C | D40: int32_t | I40: RW
A41: I reference | B41: 80 | C41: D | D41: int16_t | I41: R
A42: Motor I | B42: 80 | C42: E | D42: int16_t | I42: R
A43: enabled I PID | B43: 80 | C43: F | D43: bool | I43: R
A44: Kp I PID | B44: 80 | C44: 10 | D44: int16_t | I44: RW
A45: Ki I PID | B45: 80 | C45: =C44+1 -> 11 | D45: int32_t | I45: RW
A46: Voltage reference applied to the motor | B46: 80 | C46: =C45+1 -> 12 | D46: int16_t | I46: R
A47: Vbus measured | B47: 80 | C47: =C46+1 -> 13 | D47: uint16_t | I47: R
A48: Motor faults | B48: 80 | C48: =C47+1 -> 14 | D48: uint32_t | I48: RW
A49: Motor warnings | B49: 80 | C49: =C48+1 -> 15 | D49: uint32_t | I49: RW
A50: Number of pulses when breaking in position loop control | B50: 80 | C50: =C49+1 -> 16 | D50: uint16_t | I50: RW
A51: Time for out of control thermal fault (in ms) | B51: 80 | C51: =C50+1 -> 17 | D51: int32_t | I51: RW | L51: Ci sta che il controllo termico valga anche per il relè anche se sarà molto improbabile.
A53: Working mode | B53: 80 | C53: 2E | D53: uint32_t | I53: RW
A54: Stato posizione/in mezzo | B54: 80 | C54: 2F | D54: uint8_t | I54: R
A55: Stato movimento motore | B55: 80 | C55: 30 | D55: uint8_t | I55: R
A56: Posizione | B56: 80 | C56: 31 | D56: uint32_t | I56: R | J56: 2 words: word 0: lettura potenziometro altezza in bits word 1: lettura potenziometro tilt in bits
A57: Posizione punto 1 | B57: 80 | C57: 32 | D57: uint16_t | I57: R | J57: Posizione altezza punto 1 in bits
A58: Posizione punto 2 | B58: 80 | C58: 33 | D58: uint16_t | I58: R | J58: Posizione altezza punto 2 in bits
A59: Posizione punto 3 | B59: 80 | C59: 34 | D59: uint16_t | I59: R | J59: Posizione altezza punto 3 in bits
A60: Stato automa | B60: 80 | C60: 35 | D60: uint8_t | I60: R | J60: Stato corrente della macchina a stati: 0 = DETECT_M1 1 = PRE_INIT 2 = INIT 3 = RESET_ALTEZZA 6 = SALITA 7 = DISCESA 8 = INIT_ESTRAZIONE 9 = WAIT_ALT_INIT_ESTRAZIONE 10 = WAIT_INIT_ESTRAZIONE 11 = ESTRAZIONE 12 = TESTA_SU 13 = PIEDI_SU 14 = RESET_TILT 15 = WAIT_TILT_RESET 16 = PROGRAM 17 = STOP 18 = ERROR 19 = WARMUP 20 = STOP_MACCHINA_IN 21 = STOP_MACCHINA_EXTR 22 = WAIT_FC_INIT 23 = WAIT_FC_ESTRAZIONE 24 = REFRESH_HEIGHT
A61: Stato IO | B61: 80 | C61: 36 | D61: uint32_t | I61: R | J61: Bitmapped su 2 word: Word 0 (IN): Bit 0: stato fine corsa piano chiuso Bit 1: stato fine corsa piano aperto Bit 2: stato comando Up Bit 3: stato comando Down Bit 4: stato comando Mem Bit 5: stato comando Stop Bit 6: stato comando P1 Bit 7: stato comando P2 Bit 8: stato comando P3 Bit 9: stato selettore inclina Bit 10: stato selettore va orizzontale Word 1 (OUT): Bit 0: stato elettrovalvola 1 Bit 1: stato elettrovalvola 2 Bit 2: stato elettrovalvola 3 (non presente in top lift) Bit 3: stato elettrovalvola 7 Bit 4: stato elettrovalvola 8 Bit 5: stato relè motore
A62: Gestione fine corsa | B62: 80 | C62: 37 | D62: bool | I62: RW | J62: 0 = solo PC, 1 = PC e PA
J66: LL-309VPGM2E-A-3C-G52B

Sheet DATI LOGICI VECCHIO EDEN
A1: EDEN | B1: OPTIMUS | C1: INDIRIZZO H (hex) | D1: INDIRIZZO L (hex) | E1: TIPO | F1: FORMATO | G1: MINIMO | H1: MASSIMO | I1: UNITA' DI MISURA | J1: R/W
A2: DATI UTENTE VECCHIO EDEN
A3: Stato valvole | B3: Stato valvole | C3: 1 | D3: 0 | E3: uint8_t | F3: 8 bit mapped
A4: Livello batteria | B4: Livello batteria | C4: 1 | D4: 1 | E4: uint8_t
A5: Stato fine corsa | B5: Stato fine corsa | C5: 1 | D5: 2 | E5: uint8_t | F5: 8 bit mapped
A6: Altezza | B6: Altezza | C6: 1 | D6: 3 | E6: uint8_t
A7: Inclinazione | B7: Inclinazione | C7: 1 | D7: 4 | E7: uint8_t
A8: Altezza molleggio | B8: Altezza molleggio | C8: 1 | D8: 5 | E8: uint8_t
A9: Altezza controllo A | B9: Altezza controllo A | C9: 1 | D9: 6 | E9: uint8_t
A10: Stato tasti | B10: Stato tasti | C10: 1 | D10: 7 | E10: uint8_t
A11: Tipo macchina | B11: Tipo macchina | C11: 1 | D11: 8 | E11: uint8_t
A12: Tempo di lavoro | B12: Tempo di lavoro | C12: 1 | D12: 9 | E12: uint16_t
A13: Tempo dentro | B13: Tempo dentro | C13: 1 | D13: A | E13: uint16_t
A14: Tempo orizzontale | B14: Tempo orizzontale | C14: 1 | D14: B | E14: uint16_t
A15: Tempo tredelemburg | B15: Tempo tredelemburg | C15: 1 | D15: C | E15: uint16_t
A16: Tempo antitrendelemburg | B16: Tempo antitrendelemburg | C16: 1 | D16: D | E16: uint16_t
A17: Tempo molleggio | B17: Tempo molleggio | C17: 1 | D17: E | E17: uint16_t
A18: Tempo motore | B18: Tempo motore | C18: 1 | D18: F | E18: uint16_t
A19: Attivazioni EV1 | B19: Attivazioni EV1 | C19: 2 | D19: 0 | E19: uint16_t
A20: Attivazioni EV2 | B20: Attivazioni EV2 | C20: 2 | D20: 1 | E20: uint16_t
A21: Attivazioni EV3 | B21: Attivazioni EV3 | C21: 2 | D21: 2 | E21: uint16_t
A22: Attivazioni EV4 | B22: Attivazioni EV4 | C22: 2 | D22: 3 | E22: uint16_t
A23: Attivazioni EV5 | B23: Attivazioni EV5 | C23: 2 | D23: 4 | E23: uint16_t
A24: Attivazioni EV6 | B24: Attivazioni EV6 | C24: 2 | D24: 5 | E24: uint16_t
A25: Attivazioni EV7 | B25: Attivazioni EV7 | C25: 2 | D25: 6 | E25: uint16_t
A26: Attivazioni EV8 | B26: Attivazioni EV8 | C26: 2 | D26: 7 | E26: uint16_t
A27: Aperture carrello | B27: Aperture carrello | C27: 2 | D27: 8 | E27: uint16_t
A28: Altezza start molleggio | B28: Altezza start molleggio | C28: 2 | D28: 9 | E28: uint8_t
A29: Inclinazione nulla molleggio | B29: Inclinazione nulla molleggio | C29: 2 | D29: A | E29: uint8_t
A30: Inclinazione di carico | B30: Inclinazione di carico | C30: 2 | D30: B | E30: uint8_t
A31: Livello minimo batteria | B31: Livello minimo batteria | C31: 2 | D31: C | E31: uint8_t
A32: Livello massimo | B32: Livello massimo | C32: 2 | D32: D | E32: uint8_t
A33: Inclinazione minima | B33: Inclinazione minima | C33: 2 | D33: E | E33: uint8_t
A34: Inclinazione massima | B34: Inclinazione massima | C34: 2 | D34: F | E34: uint8_t
A35: Altezza massima | B35: Altezza massima | C35: 3 | D35: 0 | E35: uint8_t
A36: Altezza minima | B36: Altezza minima | C36: 3 | D36: 1 | E36: uint8_t
A37: Limite massimo per martinetto | B37: Limite massimo per martinetto | C37: 3 | D37: 2 | E37: uint8_t
A38: Correttore kappa | B38: Correttore kappa | C38: 3 | D38: 3 | E38: uint8_t
A39: Tempo durata entrata in standby | B39: Tempo durata entrata in standby | C39: 3 | D39: 4 | E39: uint8_t
A40: Costa sensibile attivata | B40: Costa sensibile attivata | C40: 3 | D40: 5 | E40: uint8_t

Sheet DATI LOGICI TOP-LIFT A2
A1: INDIRIZZI SCHEDE A CUI SI APPLICA QUESTO DIZIONARIO
A2: 0x00080381
A3: TOP -LIFT A2 | B3: INDIRIZZO H+L (hex) | D3: TIPO | E3: FORMATO | F3: MINIMO | G3: MASSIMO | H3: UNITA' DI MISURA | I3: R/W | J3: Uso | K3: Significato | L3: Ubicazione in App | M3: Nome in App | N3: Aspetto in App | O3: Effetti in App
A4: DATI STANDARD
A5: =IF('DATI LOGICI'!A3<>"",'DATI LOGICI'!A3,"") -> Firmware macchina | B5: =IF('DATI LOGICI'!B3<>"",'DATI LOGICI'!B3,"") -> 0 | C5: =IF('DATI LOGICI'!C3<>"",'DATI LOGICI'!C3,"") -> 0 | D5: =IF('DATI LOGICI'!D3<>"",'DATI LOGICI'!D3,"") -> uint16_t | E5: =IF('DATI LOGICI'!E3<>"",'DATI LOGICI'!E3,"") -> 255.255 | F5: =IF('DATI LOGICI'!F3<>"",'DATI LOGICI'!F3,"") -> 0 | G5: =IF('DATI LOGICI'!G3<>"",'DATI LOGICI'!G3,"") -> 255.255 | H5: =IF('DATI LOGICI'!H3<>"",'DATI LOGICI'!H3,"") | I5: =IF('DATI LOGICI'!I3<>"",'DATI LOGICI'!I3,"") -> R
A6: =IF('DATI LOGICI'!A4<>"",'DATI LOGICI'!A4,"") -> Firmware scheda | B6: =IF('DATI LOGICI'!B4<>"",'DATI LOGICI'!B4,"") -> 0 | C6: =IF('DATI LOGICI'!C4<>"",'DATI LOGICI'!C4,"") -> 1 | D6: =IF('DATI LOGICI'!D4<>"",'DATI LOGICI'!D4,"") -> uint16_t | E6: =IF('DATI LOGICI'!E4<>"",'DATI LOGICI'!E4,"") -> 255.255 | F6: =IF('DATI LOGICI'!F4<>"",'DATI LOGICI'!F4,"") -> 0 | G6: =IF('DATI LOGICI'!G4<>"",'DATI LOGICI'!G4,"") -> 255.255 | H6: =IF('DATI LOGICI'!H4<>"",'DATI LOGICI'!H4,"") | I6: =IF('DATI LOGICI'!I4<>"",'DATI LOGICI'!I4,"") -> R
A7: =IF('DATI LOGICI'!A5<>"",'DATI LOGICI'!A5,"") -> Modello | B7: =IF('DATI LOGICI'!B5<>"",'DATI LOGICI'!B5,"") -> 0 | C7: =IF('DATI LOGICI'!C5<>"",'DATI LOGICI'!C5,"") -> 2 | D7: =IF('DATI LOGICI'!D5<>"",'DATI LOGICI'!D5,"") -> String[20] | E7: =IF('DATI LOGICI'!E5<>"",'DATI LOGICI'!E5,"") | F7: =IF('DATI LOGICI'!F5<>"",'DATI LOGICI'!F5,"") | G7: =IF('DATI LOGICI'!G5<>"",'DATI LOGICI'!G5,"") | H7: =IF('DATI LOGICI'!H5<>"",'DATI LOGICI'!H5,"") | I7: =IF('DATI LOGICI'!I5<>"",'DATI LOGICI'!I5,"") -> R | K7: Valore fisso:"Eden"
A8: =IF('DATI LOGICI'!A6<>"",'DATI LOGICI'!A6,"") -> Matricola | B8: =IF('DATI LOGICI'!B6<>"",'DATI LOGICI'!B6,"") -> 0 | C8: =IF('DATI LOGICI'!C6<>"",'DATI LOGICI'!C6,"") -> 3 | D8: =IF('DATI LOGICI'!D6<>"",'DATI LOGICI'!D6,"") -> uint32_t | E8: =IF('DATI LOGICI'!E6<>"",'DATI LOGICI'!E6,"") | F8: =IF('DATI LOGICI'!F6<>"",'DATI LOGICI'!F6,"") -> 0 | G8: =IF('DATI LOGICI'!G6<>"",'DATI LOGICI'!G6,"") -> 4294967296 | H8: =IF('DATI LOGICI'!H6<>"",'DATI LOGICI'!H6,"") | I8: =IF('DATI LOGICI'!I6<>"",'DATI LOGICI'!I6,"") -> RW
A9: =IF('DATI LOGICI'!A7<>"",'DATI LOGICI'!A7,"") -> Tipo scheda | B9: =IF('DATI LOGICI'!B7<>"",'DATI LOGICI'!B7,"") -> 0 | C9: =IF('DATI LOGICI'!C7<>"",'DATI LOGICI'!C7,"") -> 4 | D9: =IF('DATI LOGICI'!D7<>"",'DATI LOGICI'!D7,"") -> enum dipendente dalle macchine | E9: =IF('DATI LOGICI'!E7<>"",'DATI LOGICI'!E7,"") | F9: =IF('DATI LOGICI'!F7<>"",'DATI LOGICI'!F7,"") | G9: =IF('DATI LOGICI'!G7<>"",'DATI LOGICI'!G7,"") | H9: =IF('DATI LOGICI'!H7<>"",'DATI LOGICI'!H7,"") | I9: R | K9: Valore fisso: 5
A10: =IF('DATI LOGICI'!A8<>"",'DATI LOGICI'!A8,"") -> Stato | B10: =IF('DATI LOGICI'!B8<>"",'DATI LOGICI'!B8,"") -> 0 | C10: =IF('DATI LOGICI'!C8<>"",'DATI LOGICI'!C8,"") -> 5 | D10: =IF('DATI LOGICI'!D8<>"",'DATI LOGICI'!D8,"") -> 3*uint32_t | E10: =IF('DATI LOGICI'!E8<>"",'DATI LOGICI'!E8,"") | F10: =IF('DATI LOGICI'!F8<>"",'DATI LOGICI'!F8,"") | G10: =IF('DATI LOGICI'!G8<>"",'DATI LOGICI'!G8,"") | H10: =IF('DATI LOGICI'!H8<>"",'DATI LOGICI'!H8,"") | I10: =IF('DATI LOGICI'!I8<>"",'DATI LOGICI'!I8,"") -> R
A11: =IF('DATI LOGICI'!A9<>"",'DATI LOGICI'!A9,"") -> Allarmi | B11: =IF('DATI LOGICI'!B9<>"",'DATI LOGICI'!B9,"") -> 0 | C11: =IF('DATI LOGICI'!C9<>"",'DATI LOGICI'!C9,"") -> 6 | D11: =IF('DATI LOGICI'!D9<>"",'DATI LOGICI'!D9,"") -> due word uint16_t bitmapped | E11: =IF('DATI LOGICI'!E9<>"",'DATI LOGICI'!E9,"") | F11: =IF('DATI LOGICI'!F9<>"",'DATI LOGICI'!F9,"") | G11: =IF('DATI LOGICI'!G9<>"",'DATI LOGICI'!G9,"") | H11: =IF('DATI LOGICI'!H9<>"",'DATI LOGICI'!H9,"") | I11: =IF('DATI LOGICI'!I9<>"",'DATI LOGICI'!I9,"") -> R | J11: Log GD | K11: WORD 1: allarmi: bit 0: sovracorrente pompa bit 1: circuito aperto pompa bit 2: sovracorrente EV 1 bit 3: circuito aperto EV 1 bit 4: sovracorrente EV 2 bit 5: circuito aperto EV 2 bit 6: sovracorrente EV 3 bit 7: circuito aperto EV 3 bit 8: sovracorrente EV 4 bit 9: circuito aperto EV 4 bit 10: sovracorrente EV 5 bit 11: circuito aperto EV 5 bit 12: sovracorrente EV 6 bit 13: circuito aperto EV 6 bit 14: sovracorrente EV 7 bit 15: circuito aperto EV 7 WORD 2: allarmi: bit 0: sovracorrente EV 8 bit 1: circuito aperto EV 8 bit2: low battery bit3: costa sensibile bit4: Errore interno routine software bit5: errore hardware EEPROM esterna WORD 3: allarmi: WORD 4: allarmi: WORD 5: warnings: WORD 6: WORD 7: WORD 8:
A12: =IF('DATI LOGICI'!A10<>"",'DATI LOGICI'!A10,"") -> Comandi | B12: =IF('DATI LOGICI'!B10<>"",'DATI LOGICI'!B10,"") -> 0 | C12: =IF('DATI LOGICI'!C10<>"",'DATI LOGICI'!C10,"") -> 7 | D12: =IF('DATI LOGICI'!D10<>"",'DATI LOGICI'!D10,"") -> uint16_t | E12: =IF('DATI LOGICI'!E10<>"",'DATI LOGICI'!E10,"") | F12: =IF('DATI LOGICI'!F10<>"",'DATI LOGICI'!F10,"") | G12: =IF('DATI LOGICI'!G10<>"",'DATI LOGICI'!G10,"") | H12: =IF('DATI LOGICI'!H10<>"",'DATI LOGICI'!H10,"") | I12: =IF('DATI LOGICI'!I10<>"",'DATI LOGICI'!I10,"") -> N
A13: =IF('DATI LOGICI'!A11<>"",'DATI LOGICI'!A11,"") -> Temperatura scheda | B13: =IF('DATI LOGICI'!B11<>"",'DATI LOGICI'!B11,"") -> 0 | C13: =IF('DATI LOGICI'!C11<>"",'DATI LOGICI'!C11,"") -> 8 | D13: =IF('DATI LOGICI'!D11<>"",'DATI LOGICI'!D11,"") -> uint16_t | E13: =IF('DATI LOGICI'!E11<>"",'DATI LOGICI'!E11,"") | F13: =IF('DATI LOGICI'!F11<>"",'DATI LOGICI'!F11,"") | G13: =IF('DATI LOGICI'!G11<>"",'DATI LOGICI'!G11,"") | H13: =IF('DATI LOGICI'!H11<>"",'DATI LOGICI'!H11,"") | I13: =IF('DATI LOGICI'!I11<>"",'DATI LOGICI'!I11,"") -> R
A14: =IF('DATI LOGICI'!A12<>"",'DATI LOGICI'!A12,"") -> Secondi lavoro motore parziale | B14: =IF('DATI LOGICI'!B12<>"",'DATI LOGICI'!B12,"") -> 0 | C14: =IF('DATI LOGICI'!C12<>"",'DATI LOGICI'!C12,"") -> 9 | D14: =IF('DATI LOGICI'!D12<>"",'DATI LOGICI'!D12,"") -> uint32_t | E14: =IF('DATI LOGICI'!E12<>"",'DATI LOGICI'!E12,"") | F14: =IF('DATI LOGICI'!F12<>"",'DATI LOGICI'!F12,"") | G14: =IF('DATI LOGICI'!G12<>"",'DATI LOGICI'!G12,"") | H14: =IF('DATI LOGICI'!H12<>"",'DATI LOGICI'!H12,"") | I14: =IF('DATI LOGICI'!I12<>"",'DATI LOGICI'!I12,"") -> RW | K14: secondi di lavoro parziale della macchina
A15: =IF('DATI LOGICI'!A13<>"",'DATI LOGICI'!A13,"") -> Secondi lavoro motore totale | B15: =IF('DATI LOGICI'!B13<>"",'DATI LOGICI'!B13,"") -> 0 | C15: =IF('DATI LOGICI'!C13<>"",'DATI LOGICI'!C13,"") -> A | D15: =IF('DATI LOGICI'!D13<>"",'DATI LOGICI'!D13,"") -> uint32_t | E15: =IF('DATI LOGICI'!E13<>"",'DATI LOGICI'!E13,"") | F15: =IF('DATI LOGICI'!F13<>"",'DATI LOGICI'!F13,"") | G15: =IF('DATI LOGICI'!G13<>"",'DATI LOGICI'!G13,"") | H15: =IF('DATI LOGICI'!H13<>"",'DATI LOGICI'!H13,"") | I15: =IF('DATI LOGICI'!I13<>"",'DATI LOGICI'!I13,"") -> RW | K15: secondi di lavoro totale della macchina
A16: =IF('DATI LOGICI'!A14<>"",'DATI LOGICI'!A14,"") -> Cicli complessivi parziale | B16: =IF('DATI LOGICI'!B14<>"",'DATI LOGICI'!B14,"") -> 0 | C16: =IF('DATI LOGICI'!C14<>"",'DATI LOGICI'!C14,"") -> B | D16: =IF('DATI LOGICI'!D14<>"",'DATI LOGICI'!D14,"") -> uint32_t | E16: =IF('DATI LOGICI'!E14<>"",'DATI LOGICI'!E14,"") | F16: =IF('DATI LOGICI'!F14<>"",'DATI LOGICI'!F14,"") | G16: =IF('DATI LOGICI'!G14<>"",'DATI LOGICI'!G14,"") | H16: =IF('DATI LOGICI'!H14<>"",'DATI LOGICI'!H14,"") | I16: =IF('DATI LOGICI'!I14<>"",'DATI LOGICI'!I14,"") -> RW | K16: numero cicli di lavoro non completi parziale
A17: =IF('DATI LOGICI'!A15<>"",'DATI LOGICI'!A15,"") -> Cicli complessivi totale | B17: =IF('DATI LOGICI'!B15<>"",'DATI LOGICI'!B15,"") -> 0 | C17: =IF('DATI LOGICI'!C15<>"",'DATI LOGICI'!C15,"") -> C | D17: =IF('DATI LOGICI'!D15<>"",'DATI LOGICI'!D15,"") -> uint32_t | E17: =IF('DATI LOGICI'!E15<>"",'DATI LOGICI'!E15,"") | F17: =IF('DATI LOGICI'!F15<>"",'DATI LOGICI'!F15,"") | G17: =IF('DATI LOGICI'!G15<>"",'DATI LOGICI'!G15,"") | H17: =IF('DATI LOGICI'!H15<>"",'DATI LOGICI'!H15,"") | I17: =IF('DATI LOGICI'!I15<>"",'DATI LOGICI'!I15,"") -> RW | K17: numero cicli di lavoro non completi totale
A18: =IF('DATI LOGICI'!A16<>"",'DATI LOGICI'!A16,"") -> Cicli completi eseguiti parziale | B18: =IF('DATI LOGICI'!B16<>"",'DATI LOGICI'!B16,"") -> 0 | C18: =IF('DATI LOGICI'!C16<>"",'DATI LOGICI'!C16,"") -> D | D18: =IF('DATI LOGICI'!D16<>"",'DATI LOGICI'!D16,"") -> uint32_t | E18: =IF('DATI LOGICI'!E16<>"",'DATI LOGICI'!E16,"") | F18: =IF('DATI LOGICI'!F16<>"",'DATI LOGICI'!F16,"") | G18: =IF('DATI LOGICI'!G16<>"",'DATI LOGICI'!G16,"") | H18: =IF('DATI LOGICI'!H16<>"",'DATI LOGICI'!H16,"") | I18: =IF('DATI LOGICI'!I16<>"",'DATI LOGICI'!I16,"") -> RW | K18: numero cicli di lavoro completi parziale
A19: =IF('DATI LOGICI'!A17<>"",'DATI LOGICI'!A17,"") -> Cicli completi eseguiti totale | B19: =IF('DATI LOGICI'!B17<>"",'DATI LOGICI'!B17,"") -> 0 | C19: =IF('DATI LOGICI'!C17<>"",'DATI LOGICI'!C17,"") -> E | D19: =IF('DATI LOGICI'!D17<>"",'DATI LOGICI'!D17,"") -> uint32_t | E19: =IF('DATI LOGICI'!E17<>"",'DATI LOGICI'!E17,"") | F19: =IF('DATI LOGICI'!F17<>"",'DATI LOGICI'!F17,"") | G19: =IF('DATI LOGICI'!G17<>"",'DATI LOGICI'!G17,"") | H19: =IF('DATI LOGICI'!H17<>"",'DATI LOGICI'!H17,"") | I19: =IF('DATI LOGICI'!I17<>"",'DATI LOGICI'!I17,"") -> RW | K19: numero cicli di lavoro completi totale
A20: =IF('DATI LOGICI'!A18<>"",'DATI LOGICI'!A18,"") -> Livello batteria | B20: =IF('DATI LOGICI'!B18<>"",'DATI LOGICI'!B18,"") -> 0 | C20: =IF('DATI LOGICI'!C18<>"",'DATI LOGICI'!C18,"") -> F | D20: =IF('DATI LOGICI'!D18<>"",'DATI LOGICI'!D18,"") -> uint16_t | E20: =IF('DATI LOGICI'!E18<>"",'DATI LOGICI'!E18,"") | F20: 0 | G20: 100 | H20: % | I20: =IF('DATI LOGICI'!I18<>"",'DATI LOGICI'!I18,"") -> R | K20: Derivato dalla tensione misurata, in percentaule
A21: =IF('DATI LOGICI'!A19<>"",'DATI LOGICI'!A19,"") -> Salute batteria | B21: =IF('DATI LOGICI'!B19<>"",'DATI LOGICI'!B19,"") -> 0 | C21: =IF('DATI LOGICI'!C19<>"",'DATI LOGICI'!C19,"") -> 10 | D21: =IF('DATI LOGICI'!D19<>"",'DATI LOGICI'!D19,"") -> uint16_t | E21: =IF('DATI LOGICI'!E19<>"",'DATI LOGICI'!E19,"") | F21: =IF('DATI LOGICI'!F19<>"",'DATI LOGICI'!F19,"") | G21: =IF('DATI LOGICI'!G19<>"",'DATI LOGICI'!G19,"") | H21: =IF('DATI LOGICI'!H19<>"",'DATI LOGICI'!H19,"") | I21: =IF('DATI LOGICI'!I19<>"",'DATI LOGICI'!I19,"") -> R
A22: =IF('DATI LOGICI'!A20<>"",'DATI LOGICI'!A20,"") -> Cicli batteria | B22: =IF('DATI LOGICI'!B20<>"",'DATI LOGICI'!B20,"") -> 0 | C22: =IF('DATI LOGICI'!C20<>"",'DATI LOGICI'!C20,"") -> 11 | D22: =IF('DATI LOGICI'!D20<>"",'DATI LOGICI'!D20,"") -> uint16_t | E22: =IF('DATI LOGICI'!E20<>"",'DATI LOGICI'!E20,"") | F22: =IF('DATI LOGICI'!F20<>"",'DATI LOGICI'!F20,"") | G22: =IF('DATI LOGICI'!G20<>"",'DATI LOGICI'!G20,"") | H22: =IF('DATI LOGICI'!H20<>"",'DATI LOGICI'!H20,"") | I22: =IF('DATI LOGICI'!I20<>"",'DATI LOGICI'!I20,"") -> R
A23: =IF('DATI LOGICI'!A21<>"",'DATI LOGICI'!A21,"") -> Temperatura batteria | B23: =IF('DATI LOGICI'!B21<>"",'DATI LOGICI'!B21,"") -> 0 | C23: =IF('DATI LOGICI'!C21<>"",'DATI LOGICI'!C21,"") -> 12 | D23: =IF('DATI LOGICI'!D21<>"",'DATI LOGICI'!D21,"") -> int16_t | E23: =IF('DATI LOGICI'!E21<>"",'DATI LOGICI'!E21,"") | F23: =IF('DATI LOGICI'!F21<>"",'DATI LOGICI'!F21,"") | G23: =IF('DATI LOGICI'!G21<>"",'DATI LOGICI'!G21,"") | H23: =IF('DATI LOGICI'!H21<>"",'DATI LOGICI'!H21,"") | I23: =IF('DATI LOGICI'!I21<>"",'DATI LOGICI'!I21,"") -> R
A24: =IF('DATI LOGICI'!A22<>"",'DATI LOGICI'!A22,"") -> BatteryFirmware | B24: =IF('DATI LOGICI'!B22<>"",'DATI LOGICI'!B22,"") -> 0 | C24: =IF('DATI LOGICI'!C22<>"",'DATI LOGICI'!C22,"") -> 13 | D24: =IF('DATI LOGICI'!D22<>"",'DATI LOGICI'!D22,"") -> uint32_t | E24: =IF('DATI LOGICI'!E22<>"",'DATI LOGICI'!E22,"") | F24: =IF('DATI LOGICI'!F22<>"",'DATI LOGICI'!F22,"") | G24: =IF('DATI LOGICI'!G22<>"",'DATI LOGICI'!G22,"") | H24: =IF('DATI LOGICI'!H22<>"",'DATI LOGICI'!H22,"") | I24: =IF('DATI LOGICI'!I22<>"",'DATI LOGICI'!I22,"") -> R
A25: =IF('DATI LOGICI'!A23<>"",'DATI LOGICI'!A23,"") -> BatterySerial | B25: =IF('DATI LOGICI'!B23<>"",'DATI LOGICI'!B23,"") -> 0 | C25: =IF('DATI LOGICI'!C23<>"",'DATI LOGICI'!C23,"") -> 14 | D25: =IF('DATI LOGICI'!D23<>"",'DATI LOGICI'!D23,"") -> uint32_t | E25: =IF('DATI LOGICI'!E23<>"",'DATI LOGICI'!E23,"") | F25: =IF('DATI LOGICI'!F23<>"",'DATI LOGICI'!F23,"") | G25: =IF('DATI LOGICI'!G23<>"",'DATI LOGICI'!G23,"") | H25: =IF('DATI LOGICI'!H23<>"",'DATI LOGICI'!H23,"") | I25: =IF('DATI LOGICI'!I23<>"",'DATI LOGICI'!I23,"") -> R
A26: =IF('DATI LOGICI'!A24<>"",'DATI LOGICI'!A24,"") -> Stato ingressi fisici | B26: =IF('DATI LOGICI'!B24<>"",'DATI LOGICI'!B24,"") -> 0 | C26: =IF('DATI LOGICI'!C24<>"",'DATI LOGICI'!C24,"") -> 15 | D26: =IF('DATI LOGICI'!D24<>"",'DATI LOGICI'!D24,"") -> uint32_t | E26: =IF('DATI LOGICI'!E24<>"",'DATI LOGICI'!E24,"") | F26: =IF('DATI LOGICI'!F24<>"",'DATI LOGICI'!F24,"") | G26: =IF('DATI LOGICI'!G24<>"",'DATI LOGICI'!G24,"") | H26: =IF('DATI LOGICI'!H24<>"",'DATI LOGICI'!H24,"") | I26: =IF('DATI LOGICI'!I24<>"",'DATI LOGICI'!I24,"") -> R
A27: =IF('DATI LOGICI'!A25<>"",'DATI LOGICI'!A25,"") -> Stato uscite fisiche | B27: =IF('DATI LOGICI'!B25<>"",'DATI LOGICI'!B25,"") -> 0 | C27: =IF('DATI LOGICI'!C25<>"",'DATI LOGICI'!C25,"") -> 16 | D27: =IF('DATI LOGICI'!D25<>"",'DATI LOGICI'!D25,"") -> uint32_t | E27: =IF('DATI LOGICI'!E25<>"",'DATI LOGICI'!E25,"") | F27: =IF('DATI LOGICI'!F25<>"",'DATI LOGICI'!F25,"") | G27: =IF('DATI LOGICI'!G25<>"",'DATI LOGICI'!G25,"") | H27: =IF('DATI LOGICI'!H25<>"",'DATI LOGICI'!H25,"") | I27: =IF('DATI LOGICI'!I25<>"",'DATI LOGICI'!I25,"") -> R
A29: DATI LOGICI EDEN
A30: Stato keyboard1 | B30: 80 | C30: =DEC2HEX(0) -> 0 | D30: uint8_t | I30: N | K30: Variabile logica gestita dalla tastiera esterna (non usare con l'app)
A31: Stato keyboard2 | B31: 80 | C31: =DEC2HEX(HEX2DEC(C30)+1) -> 1 | D31: uint8_t | I31: N | K31: Variabile logica gestita dalla tastiera esterna (non usare con l'app)
A32: Stato keyboard3 | B32: 80 | C32: =DEC2HEX(HEX2DEC(C31)+1) -> 2 | D32: uint8_t | I32: N | K32: Variabile logica gestita dalla tastiera esterna (non usare con l'app)
A33: SystemOn | B33: 80 | C33: =DEC2HEX(HEX2DEC(C32)+1) -> 3 | D33: bool | F33: 0 | G33: 1 | I33: R | K33: 0 = piano spento, 1 = piano acceso
A34: Non usato | B34: 80 | C34: =DEC2HEX(HEX2DEC(C33)+1) -> 4
A35: Non usato | B35: 80 | C35: =DEC2HEX(HEX2DEC(C34)+1) -> 5
A36: Tastiera SherpaSlim | B36: 80 | C36: =DEC2HEX(HEX2DEC(C35)+1) -> 6 | D36: uint8_t | K36: Immagine tasti SherpaSlim per gestire i 2 blu
A37: Potenzio inclinazione giu' | B37: 80 | C37: =DEC2HEX(HEX2DEC(C36)+1) -> 7 | D37: uint16_t | F37: 0 | G37: 65535 | H37: bits | I37: R/W | K37: Valore minimo in bits letto dal valore RAW del potenzio in apprendimento
A38: Potenzio inclinazione orizz. | B38: 80 | C38: =DEC2HEX(HEX2DEC(C37)+1) -> 8 | D38: uint16_t | F38: 0 | G38: 65535 | H38: bits | I38: R/W | K38: Valore massimo in bits letto dal valore RAW del potenzio in apprendimento
A39: Potenzio altezza max | B39: 80 | C39: =DEC2HEX(HEX2DEC(C38)+1) -> 9 | D39: uint16_t | F39: 0 | G39: 65535 | H39: bits | I39: R/W | K39: Valore minimo in bits letto dal valore RAW del potenzio in apprendimento
A40: Potenzio altezza min | B40: 80 | C40: =DEC2HEX(HEX2DEC(C39)+1) -> A | D40: uint16_t | F40: 0 | G40: 65535 | H40: bits | I40: R/W | K40: Valore massimo in bits letto dal valore RAW del potenzio in apprendimento
A41: Angolo X | B41: 80 | C41: =DEC2HEX(HEX2DEC(C40)+1) -> B | D41: float | F41: -180 | G41: 180 | H41: gradi | I41: R
A42: Angolo Y | B42: 80 | C42: =DEC2HEX(HEX2DEC(C41)+1) -> C | D42: float | F42: -180 | G42: 180 | H42: gradi | I42: R
A43: Angolo Z | B43: 80 | C43: =DEC2HEX(HEX2DEC(C42)+1) -> D | D43: float | F43: -180 | G43: 180 | H43: gradi | I43: R
A44: Accelerazione X | B44: 80 | C44: =DEC2HEX(HEX2DEC(C43)+1) -> E | D44: float | I44: R
A45: Accelerazione Y | B45: 80 | C45: =DEC2HEX(HEX2DEC(C44)+1) -> F | D45: float | I45: R
A46: Accelerazione Z | B46: 80 | C46: =DEC2HEX(HEX2DEC(C45)+1) -> 10 | D46: float | I46: R
A47: Stato finecorsa | B47: 80 | C47: =DEC2HEX(HEX2DEC(C46)+1) -> 11 | D47: uint8_t | F47: 0 | G47: 3 | I47: R | K47: bit 0: finecorsa piano esteso, bit 1: finecorsa piano chiuso
A48: Tempo di ritardo all'accensione | B48: 80 | C48: =DEC2HEX(HEX2DEC(C47)+1) -> 12 | D48: uint16_t | F48: 0 | G48: 65535 | I48: R/W | K48: Tempo in ms di ritardo all'accensione
A49: Stato comando esterno su | B49: 80 | C49: =DEC2HEX(HEX2DEC(C48)+1) -> 13 | D49: bool | F49: 0 | G49: 1 | I49: R
A50: Stato comando esterno giu' | B50: 80 | C50: =DEC2HEX(HEX2DEC(C49)+1) -> 14 | D50: bool | F50: 0 | G50: 1 | I50: R
A51: Stato pompa | B51: 80 | C51: =DEC2HEX(HEX2DEC(C50)+1) -> 15 | D51: uint8_t | F51: 0 | G51: 2 | I51: R | K51: 0 = fermo, 1 = in accensione, 2= acceso
A52: Pompa Riferimento | B52: 80 | C52: =DEC2HEX(HEX2DEC(C51)+1) -> 16 | D52: int16_t
A53: Pompa I misurata | B53: 80 | C53: =DEC2HEX(HEX2DEC(C52)+1) -> 17 | D53: int16_t
A54: Pompa PWM Out | B54: 80 | C54: =DEC2HEX(HEX2DEC(C53)+1) -> 18 | D54: int16_t
A55: I max Pompa | B55: 80 | C55: =DEC2HEX(HEX2DEC(C54)+1) -> 19 | D55: int16_t
A56: Stato EVA | B56: 80 | C56: =DEC2HEX(HEX2DEC(C55)+1) -> 1A | D56: uint8_t | F56: 0 | G56: 2 | I56: R | K56: 0 = fermo, 1 = in accensione, 2= acceso
A57: EV1 I Reference | B57: 80 | C57: =DEC2HEX(HEX2DEC(C56)+1) -> 1B | D57: int16_t
A58: EV1 I Masured | B58: 80 | C58: =DEC2HEX(HEX2DEC(C57)+1) -> 1C
A59: EV1 PWM out | B59: 80 | C59: =DEC2HEX(HEX2DEC(C58)+1) -> 1D
A60: Stato EVB | B60: 80 | C60: =DEC2HEX(HEX2DEC(C59)+1) -> 1E | D60: uint8_t | F60: 0 | G60: 2 | I60: R | K60: 0 = fermo, 1 = in accensione, 2= acceso
A61: EV2 I Reference | B61: 80 | C61: =DEC2HEX(HEX2DEC(C60)+1) -> 1F | D61: int16_t
A62: EV2 I Masured | B62: 80 | C62: =DEC2HEX(HEX2DEC(C61)+1) -> 20
A63: EV2 PWM out | B63: 80 | C63: =DEC2HEX(HEX2DEC(C62)+1) -> 21
A64: Stato EVC | B64: 80 | C64: =DEC2HEX(HEX2DEC(C63)+1) -> 22 | D64: uint8_t | F64: 0 | G64: 2 | I64: R | K64: 0 = fermo, 1 = in accensione, 2= acceso
A65: EV3 I Reference | B65: 80 | C65: =DEC2HEX(HEX2DEC(C64)+1) -> 23 | D65: int16_t
A66: EV3 I Masured | B66: 80 | C66: =DEC2HEX(HEX2DEC(C65)+1) -> 24
A67: EV3 PWM out | B67: 80 | C67: =DEC2HEX(HEX2DEC(C66)+1) -> 25
A68: Stato P2A | B68: 80 | C68: =DEC2HEX(HEX2DEC(C67)+1) -> 26 | D68: uint8_t | F68: 0 | G68: 2 | I68: R | K68: 0 = fermo, 1 = in accensione, 2= acceso
A69: EV4 I Reference | B69: 80 | C69: =DEC2HEX(HEX2DEC(C68)+1) -> 27 | D69: int16_t
A70: EV4 I Masured | B70: 80 | C70: =DEC2HEX(HEX2DEC(C69)+1) -> 28
A71: EV4 PWM out | B71: 80 | C71: =DEC2HEX(HEX2DEC(C70)+1) -> 29
A72: Limitazione velocita | B72: 80 | C72: =DEC2HEX(HEX2DEC(C71)+1) -> 2A | D72: int16_t | F72: 0 | G72: 6000 | H72: bits | I72: R/W | K72: Valore di limite di velocita' di discesa del piano
A73: Altezza di carico | B73: 80 | C73: =DEC2HEX(HEX2DEC(C72)+1) -> 2B | D73: uint16_t | F73: 0 | G73: 65535 | H73: bits | I73: R/W
A74: Altezza 1 da chiuso | B74: 80 | C74: =DEC2HEX(HEX2DEC(C73)+1) -> 2C | D74: uint16_t | F74: 0 | G74: 65535 | H74: bits | I74: R/W
A75: Altezza 2 da chiuso | B75: 80 | C75: =DEC2HEX(HEX2DEC(C74)+1) -> 2D | D75: uint16_t | F75: 0 | G75: 65535 | H75: bits | I75: R/W
A76: Altezza 3 da chiuso | B76: 80 | C76: =DEC2HEX(HEX2DEC(C75)+1) -> 2E | D76: uint16_t | F76: 0 | G76: 65535 | H76: bits | I76: R/W
A77: Non Usato | B77: 80 | C77: =DEC2HEX(HEX2DEC(C76)+1) -> 2F
A78: Non Usato | B78: 80 | C78: =DEC2HEX(HEX2DEC(C77)+1) -> 30
A79: Non Usato | B79: 80 | C79: =DEC2HEX(HEX2DEC(C78)+1) -> 31
A80: Non Usato | B80: 80 | C80: =DEC2HEX(HEX2DEC(C79)+1) -> 32
A81: Non Usato | B81: 80 | C81: =DEC2HEX(HEX2DEC(C80)+1) -> 33
A82: Non Usato | B82: 80 | C82: =DEC2HEX(HEX2DEC(C81)+1) -> 34
A83: Non Usato | B83: 80 | C83: =DEC2HEX(HEX2DEC(C82)+1) -> 35
A84: Non Usato | B84: 80 | C84: =DEC2HEX(HEX2DEC(C83)+1) -> 36
A85: Non Usato | B85: 80 | C85: =DEC2HEX(HEX2DEC(C84)+1) -> 37
A86: Non Usato | B86: 80 | C86: =DEC2HEX(HEX2DEC(C85)+1) -> 38
A87: Non Usato | B87: 80 | C87: =DEC2HEX(HEX2DEC(C86)+1) -> 39
A88: Non Usato | B88: 80 | C88: =DEC2HEX(HEX2DEC(C87)+1) -> 3A
... A95: Non Usato | B95: 80 | C95: =DEC2HEX(HEX2DEC(C94)+1) -> 41
A96: Vbus measured | B96: 80 | C96: =DEC2HEX(HEX2DEC(C95)+1) -> 42 | D96: uint16_t
A97: Stato Luci (3 colori RGB) | B97: 80 | C97: =DEC2HEX(HEX2DEC(C96)+1) -> 43 | D97: uint8_t | F97: 0 | G97: 7 | I97: R | K97: bit 2=R, bit 1=G, bit 0=B
A98: Ore lavoro pompa | B98: 80 | C98: =DEC2HEX(HEX2DEC(C97)+1) -> 44 | J98: Log
A99: Ore lavoro EV1 | B99: 80 | C99: =DEC2HEX(HEX2DEC(C98)+1) -> 45 | J99: Log
A100: Ore lavoro EV2 | B100: 80 | C100: =DEC2HEX(HEX2DEC(C99)+1) -> 46 | J100: Log
A101: Ore lavoro EV3 | B101: 80 | C101: =DEC2HEX(HEX2DEC(C100)+1) -> 47 | J101: Log
A102: Ore lavoro EV4 | B102: 80 | C102: =DEC2HEX(HEX2DEC(C101)+1) -> 48 | J102: Log
A103: Ore lavoro EV5 | B103: 80 | C103: =DEC2HEX(HEX2DEC(C102)+1) -> 49 | J103: Log
A104: Ore lavoro EV6 | B104: 80 | C104: =DEC2HEX(HEX2DEC(C103)+1) -> 4A | J104: Log
A105: Ore lavoro EV7 | B105: 80 | C105: =DEC2HEX(HEX2DEC(C104)+1) -> 4B | J105: Log
A106: Ore lavoro EV8 | B106: 80 | C106: =DEC2HEX(HEX2DEC(C105)+1) -> 4C | J106: Log
A107: Ore lavoro EV9 | B107: 80 | C107: =DEC2HEX(HEX2DEC(C106)+1) -> 4D | J107: Log
...

Sheet DATI LOGICI O3ZTECH
A1: INDIRIZZI SCHEDE A CUI SI APPLICA QUESTO DIZIONARIO
A2: 0x00090401
A3: O3ZTECH | B3: INDIRIZZO H+L (hex) | D3: TIPO | E3: FORMATO | F3: MINIMO | G3: MASSIMO | H3: UNITA' DI MISURA | I3: R/W | J3: Uso | K3: Significato | L3: Ubicazione in App | M3: Nome in App | N3: Aspetto in App | O3: Effetti in App
A4: DATI STANDARD
A5: =IF('DATI LOGICI'!A3<>"",'DATI LOGICI'!A3,"") -> Firmware macchina | B5: =IF('DATI LOGICI'!B3<>"",'DATI LOGICI'!B3,"") -> 0 | C5: =IF('DATI LOGICI'!C3<>"",'DATI LOGICI'!C3,"") -> 0 | D5: =IF('DATI LOGICI'!D3<>"",'DATI LOGICI'!D3,"") -> uint16_t | E5: =IF('DATI LOGICI'!E3<>"",'DATI LOGICI'!E3,"") -> 255.255 | F5: =IF('DATI LOGICI'!F3<>"",'DATI LOGICI'!F3,"") -> 0 | G5: =IF('DATI LOGICI'!G3<>"",'DATI LOGICI'!G3,"") -> 255.255 | H5: =IF('DATI LOGICI'!H3<>"",'DATI LOGICI'!H3,"") | I5: =IF('DATI LOGICI'!I3<>"",'DATI LOGICI'!I3,"") -> R
A6: =IF('DATI LOGICI'!A4<>"",'DATI LOGICI'!A4,"") -> Firmware scheda | B6: =IF('DATI LOGICI'!B4<>"",'DATI LOGICI'!B4,"") -> 0 | C6: =IF('DATI LOGICI'!C4<>"",'DATI LOGICI'!C4,"") -> 1 | D6: =IF('DATI LOGICI'!D4<>"",'DATI LOGICI'!D4,"") -> uint16_t | E6: =IF('DATI LOGICI'!E4<>"",'DATI LOGICI'!E4,"") -> 255.255 | F6: =IF('DATI LOGICI'!F4<>"",'DATI LOGICI'!F4,"") -> 0 | G6: =IF('DATI LOGICI'!G4<>"",'DATI LOGICI'!G4,"") -> 255.255 | H6: =IF('DATI LOGICI'!H4<>"",'DATI LOGICI'!H4,"") | I6: =IF('DATI LOGICI'!I4<>"",'DATI LOGICI'!I4,"") -> R
A7: =IF('DATI LOGICI'!A5<>"",'DATI LOGICI'!A5,"") -> Modello | B7: =IF('DATI LOGICI'!B5<>"",'DATI LOGICI'!B5,"") -> 0 | C7: =IF('DATI LOGICI'!C5<>"",'DATI LOGICI'!C5,"") -> 2 | D7: =IF('DATI LOGICI'!D5<>"",'DATI LOGICI'!D5,"") -> String[20] | E7: =IF('DATI LOGICI'!E5<>"",'DATI LOGICI'!E5,"") | F7: =IF('DATI LOGICI'!F5<>"",'DATI LOGICI'!F5,"") | G7: =IF('DATI LOGICI'!G5<>"",'DATI LOGICI'!G5,"") | H7: =IF('DATI LOGICI'!H5<>"",'DATI LOGICI'!H5,"") | I7: =IF('DATI LOGICI'!I5<>"",'DATI LOGICI'!I5,"") -> R | K7: Valore fisso:"O3Ztech"
A8: =IF('DATI LOGICI'!A6<>"",'DATI LOGICI'!A6,"") -> Matricola | B8: =IF('DATI LOGICI'!B6<>"",'DATI LOGICI'!B6,"") -> 0 | C8: =IF('DATI LOGICI'!C6<>"",'DATI LOGICI'!C6,"") -> 3 | D8: =IF('DATI LOGICI'!D6<>"",'DATI LOGICI'!D6,"") -> uint32_t | E8: =IF('DATI LOGICI'!E6<>"",'DATI LOGICI'!E6,"") | F8: =IF('DATI LOGICI'!F6<>"",'DATI LOGICI'!F6,"") -> 0 | G8: =IF('DATI LOGICI'!G6<>"",'DATI LOGICI'!G6,"") -> 4294967296 | H8: =IF('DATI LOGICI'!H6<>"",'DATI LOGICI'!H6,"") | I8: =IF('DATI LOGICI'!I6<>"",'DATI LOGICI'!I6,"") -> RW
A9: =IF('DATI LOGICI'!A7<>"",'DATI LOGICI'!A7,"") -> Tipo scheda | B9: =IF('DATI LOGICI'!B7<>"",'DATI LOGICI'!B7,"") -> 0 | C9: =IF('DATI LOGICI'!C7<>"",'DATI LOGICI'!C7,"") -> 4 | D9: =IF('DATI LOGICI'!D7<>"",'DATI LOGICI'!D7,"") -> enum dipendente dalle macchine | E9: =IF('DATI LOGICI'!E7<>"",'DATI LOGICI'!E7,"") | F9: =IF('DATI LOGICI'!F7<>"",'DATI LOGICI'!F7,"") | G9: =IF('DATI LOGICI'!G7<>"",'DATI LOGICI'!G7,"") | H9: =IF('DATI LOGICI'!H7<>"",'DATI LOGICI'!H7,"") | I9: R | K9: Valore fisso: 5
A10: =IF('DATI LOGICI'!A8<>"",'DATI LOGICI'!A8,"") -> Stato | B10: =IF('DATI LOGICI'!B8<>"",'DATI LOGICI'!B8,"") -> 0 | C10: =IF('DATI LOGICI'!C8<>"",'DATI LOGICI'!C8,"") -> 5 | D10: =IF('DATI LOGICI'!D8<>"",'DATI LOGICI'!D8,"") -> 3*uint32_t | E10: =IF('DATI LOGICI'!E8<>"",'DATI LOGICI'!E8,"") | F10: =IF('DATI LOGICI'!F8<>"",'DATI LOGICI'!F8,"") | G10: =IF('DATI LOGICI'!G8<>"",'DATI LOGICI'!G8,"") | H10: =IF('DATI LOGICI'!H8<>"",'DATI LOGICI'!H8,"") | I10: =IF('DATI LOGICI'!I8<>"",'DATI LOGICI'!I8,"") -> R
A11: =IF('DATI LOGICI'!A9<>"",'DATI LOGICI'!A9,"") -> Allarmi | B11: =IF('DATI LOGICI'!B9<>"",'DATI LOGICI'!B9,"") -> 0 | C11: =IF('DATI LOGICI'!C9<>"",'DATI LOGICI'!C9,"") -> 6 | D11: =IF('DATI LOGICI'!D9<>"",'DATI LOGICI'!D9,"") -> due word uint16_t bitmapped | E11: =IF('DATI LOGICI'!E9<>"",'DATI LOGICI'!E9,"") | F11: =IF('DATI LOGICI'!F9<>"",'DATI LOGICI'!F9,"") | G11: =IF('DATI LOGICI'!G9<>"",'DATI LOGICI'!G9,"") | H11: =IF('DATI LOGICI'!H9<>"",'DATI LOGICI'!H9,"") | I11: =IF('DATI LOGICI'!I9<>"",'DATI LOGICI'!I9,"") -> R | J11: Log GD | K11: WORD 1: allarmi: bit 1: errore genrico bit 2: fan broken bit 3: no comm ozone sensor bit 4: locked button bit 5: low ozone bit 6: high ozone bit 7: ozone cell temp low bit 8: temperature high bit 9: ozone cell temp high bit 10: humidity high bit 11: power supply high bit 12: power supply low bit 13: can egicon bit 14: can ozone bit 15: man inside
A12: =IF('DATI LOGICI'!A10<>"",'DATI LOGICI'!A10,"") -> Comandi | B12: =IF('DATI LOGICI'!B10<>"",'DATI LOGICI'!B10,"") -> 0 | C12: =IF('DATI LOGICI'!C10<>"",'DATI LOGICI'!C10,"") -> 7 | D12: =IF('DATI LOGICI'!D10<>"",'DATI LOGICI'!D10,"") -> uint16_t | E12: =IF('DATI LOGICI'!E10<>"",'DATI LOGICI'!E10,"") | F12: =IF('DATI LOGICI'!F10<>"",'DATI LOGICI'!F10,"") | G12: =IF('DATI LOGICI'!G10<>"",'DATI LOGICI'!G10,"") | H12: =IF('DATI LOGICI'!H10<>"",'DATI LOGICI'!H10,"") | I12: =IF('DATI LOGICI'!I10<>"",'DATI LOGICI'!I10,"") -> N
A13: =IF('DATI LOGICI'!A11<>"",'DATI LOGICI'!A11,"") -> Temperatura scheda | B13: =IF('DATI LOGICI'!B11<>"",'DATI LOGICI'!B11,"") -> 0 | C13: =IF('DATI LOGICI'!C11<>"",'DATI LOGICI'!C11,"") -> 8 | D13: =IF('DATI LOGICI'!D11<>"",'DATI LOGICI'!D11,"") -> uint16_t | E13: =IF('DATI LOGICI'!E11<>"",'DATI LOGICI'!E11,"") | F13: =IF('DATI LOGICI'!F11<>"",'DATI LOGICI'!F11,"") | G13: =IF('DATI LOGICI'!G11<>"",'DATI LOGICI'!G11,"") | H13: =IF('DATI LOGICI'!H11<>"",'DATI LOGICI'!H11,"") | I13: =IF('DATI LOGICI'!I11<>"",'DATI LOGICI'!I11,"") -> R
A14: =IF('DATI LOGICI'!A12<>"",'DATI LOGICI'!A12,"") -> Secondi lavoro motore parziale | B14: =IF('DATI LOGICI'!B12<>"",'DATI LOGICI'!B12,"") -> 0 | C14: =IF('DATI LOGICI'!C12<>"",'DATI LOGICI'!C12,"") -> 9 | D14: =IF('DATI LOGICI'!D12<>"",'DATI LOGICI'!D12,"") -> uint32_t | E14: =IF('DATI LOGICI'!E12<>"",'DATI LOGICI'!E12,"") | F14: =IF('DATI LOGICI'!F12<>"",'DATI LOGICI'!F12,"") | G14: =IF('DATI LOGICI'!G12<>"",'DATI LOGICI'!G12,"") | H14: =IF('DATI LOGICI'!H12<>"",'DATI LOGICI'!H12,"") | I14: =IF('DATI LOGICI'!I12<>"",'DATI LOGICI'!I12,"") -> RW
A15: =IF('DATI LOGICI'!A13<>"",'DATI LOGICI'!A13,"") -> Secondi lavoro motore totale | B15: =IF('DATI LOGICI'!B13<>"",'DATI LOGICI'!B13,"") -> 0 | C15: =IF('DATI LOGICI'!C13<>"",'DATI LOGICI'!C13,"") -> A | D15: =IF('DATI LOGICI'!D13<>"",'DATI LOGICI'!D13,"") -> uint32_t | E15: =IF('DATI LOGICI'!E13<>"",'DATI LOGICI'!E13,"") | F15: =IF('DATI LOGICI'!F13<>"",'DATI LOGICI'!F13,"") | G15: =IF('DATI LOGICI'!G13<>"",'DATI LOGICI'!G13,"") | H15: =IF('DATI LOGICI'!H13<>"",'DATI LOGICI'!H13,"") | I15: =IF('DATI LOGICI'!I13<>"",'DATI LOGICI'!I13,"") -> RW
A16: =IF('DATI LOGICI'!A14<>"",'DATI LOGICI'!A14,"") -> Cicli complessivi parziale | B16: =IF('DATI LOGICI'!B14<>"",'DATI LOGICI'!B14,"") -> 0 | C16: =IF('DATI LOGICI'!C14<>"",'DATI LOGICI'!C14,"") -> B | D16: =IF('DATI LOGICI'!D14<>"",'DATI LOGICI'!D14,"") -> uint32_t | E16: =IF('DATI LOGICI'!E14<>"",'DATI LOGICI'!E14,"") | F16: =IF('DATI LOGICI'!F14<>"",'DATI LOGICI'!F14,"") | G16: =IF('DATI LOGICI'!G14<>"",'DATI LOGICI'!G14,"") | H16: =IF('DATI LOGICI'!H14<>"",'DATI LOGICI'!H14,"") | I16: =IF('DATI LOGICI'!I14<>"",'DATI LOGICI'!I14,"") -> RW
A17: =IF('DATI LOGICI'!A15<>"",'DATI LOGICI'!A15,"") -> Cicli complessivi totale | B17: =IF('DATI LOGICI'!B15<>"",'DATI LOGICI'!B15,"") -> 0 | C17: =IF('DATI LOGICI'!C15<>"",'DATI LOGICI'!C15,"") -> C | D17: =IF('DATI LOGICI'!D15<>"",'DATI LOGICI'!D15,"") -> uint32_t | E17: =IF('DATI LOGICI'!E15<>"",'DATI LOGICI'!E15,"") | F17: =IF('DATI LOGICI'!F15<>"",'DATI LOGICI'!F15,"") | G17: =IF('DATI LOGICI'!G15<>"",'DATI LOGICI'!G15,"") | H17: =IF('DATI LOGICI'!H15<>"",'DATI LOGICI'!H15,"") | I17: =IF('DATI LOGICI'!I15<>"",'DATI LOGICI'!I15,"") -> RW
A18: =IF('DATI LOGICI'!A16<>"",'DATI LOGICI'!A16,"") -> Cicli completi eseguiti parziale | B18: =IF('DATI LOGICI'!B16<>"",'DATI LOGICI'!B16,"") -> 0 | C18: =IF('DATI LOGICI'!C16<>"",'DATI LOGICI'!C16,"") -> D | D18: =IF('DATI LOGICI'!D16<>"",'DATI LOGICI'!D16,"") -> uint32_t | E18: =IF('DATI LOGICI'!E16<>"",'DATI LOGICI'!E16,"") | F18: =IF('DATI LOGICI'!F16<>"",'DATI LOGICI'!F16,"") | G18: =IF('DATI LOGICI'!G16<>"",'DATI LOGICI'!G16,"") | H18: =IF('DATI LOGICI'!H16<>"",'DATI LOGICI'!H16,"") | I18: =IF('DATI LOGICI'!I16<>"",'DATI LOGICI'!I16,"") -> RW
A19: =IF('DATI LOGICI'!A17<>"",'DATI LOGICI'!A17,"") -> Cicli completi eseguiti totale | B19: =IF('DATI LOGICI'!B17<>"",'DATI LOGICI'!B17,"") -> 0 | C19: =IF('DATI LOGICI'!C17<>"",'DATI LOGICI'!C17,"") -> E | D19: =IF('DATI LOGICI'!D17<>"",'DATI LOGICI'!D17,"") -> uint32_t | E19: =IF('DATI LOGICI'!E17<>"",'DATI LOGICI'!E17,"") | F19: =IF('DATI LOGICI'!F17<>"",'DATI LOGICI'!F17,"") | G19: =IF('DATI LOGICI'!G17<>"",'DATI LOGICI'!G17,"") | H19: =IF('DATI LOGICI'!H17<>"",'DATI LOGICI'!H17,"") | I19: =IF('DATI LOGICI'!I17<>"",'DATI LOGICI'!I17,"") -> RW | K19: numero cicli di lavoro completi totale
A20: =IF('DATI LOGICI'!A18<>"",'DATI LOGICI'!A18,"") -> Livello batteria | B20: =IF('DATI LOGICI'!B18<>"",'DATI LOGICI'!B18,"") -> 0 | C20: =IF('DATI LOGICI'!C18<>"",'DATI LOGICI'!C18,"") -> F | D20: =IF('DATI LOGICI'!D18<>"",'DATI LOGICI'!D18,"") -> uint16_t | E20: =IF('DATI LOGICI'!E18<>"",'DATI LOGICI'!E18,"") | F20: 0 | G20: 100 | H20: % | I20: =IF('DATI LOGICI'!I18<>"",'DATI LOGICI'!I18,"") -> R
A21: =IF('DATI LOGICI'!A19<>"",'DATI LOGICI'!A19,"") -> Salute batteria | B21: =IF('DATI LOGICI'!B19<>"",'DATI LOGICI'!B19,"") -> 0 | C21: =IF('DATI LOGICI'!C19<>"",'DATI LOGICI'!C19,"") -> 10 | D21: =IF('DATI LOGICI'!D19<>"",'DATI LOGICI'!D19,"") -> uint16_t | E21: =IF('DATI LOGICI'!E19<>"",'DATI LOGICI'!E19,"") | F21: =IF('DATI LOGICI'!F19<>"",'DATI LOGICI'!F19,"") | G21: =IF('DATI LOGICI'!G19<>"",'DATI LOGICI'!G19,"") | H21: =IF('DATI LOGICI'!H19<>"",'DATI LOGICI'!H19,"") | I21: =IF('DATI LOGICI'!I19<>"",'DATI LOGICI'!I19,"") -> R
A22: =IF('DATI LOGICI'!A20<>"",'DATI LOGICI'!A20,"") -> Cicli batteria | B22: =IF('DATI LOGICI'!B20<>"",'DATI LOGICI'!B20,"") -> 0 | C22: =IF('DATI LOGICI'!C20<>"",'DATI LOGICI'!C20,"") -> 11 | D22: =IF('DATI LOGICI'!D20<>"",'DATI LOGICI'!D20,"") -> uint16_t | E22: =IF('DATI LOGICI'!E20<>"",'DATI LOGICI'!E20,"") | F22: =IF('DATI LOGICI'!F20<>"",'DATI LOGICI'!F20,"") | G22: =IF('DATI LOGICI'!G20<>"",'DATI LOGICI'!G20,"") | H22: =IF('DATI LOGICI'!H20<>"",'DATI LOGICI'!H20,"") | I22: =IF('DATI LOGICI'!I20<>"",'DATI LOGICI'!I20,"") -> R
A23: =IF('DATI LOGICI'!A21<>"",'DATI LOGICI'!A21,"") -> Temperatura batteria | B23: =IF('DATI LOGICI'!B21<>"",'DATI LOGICI'!B21,"") -> 0 | C23: =IF('DATI LOGICI'!C21<>"",'DATI LOGICI'!C21,"") -> 12 | D23: =IF('DATI LOGICI'!D21<>"",'DATI LOGICI'!D21,"") -> int16_t | E23: =IF('DATI LOGICI'!E21<>"",'DATI LOGICI'!E21,"") | F23: =IF('DATI LOGICI'!F21<>"",'DATI LOGICI'!F21,"") | G23: =IF('DATI LOGICI'!G21<>"",'DATI LOGICI'!G21,"") | H23: =IF('DATI LOGICI'!H21<>"",'DATI LOGICI'!H21,"") | I23: =IF('DATI LOGICI'!I21<>"",'DATI LOGICI'!I21,"") -> R
A24: =IF('DATI LOGICI'!A22<>"",'DATI LOGICI'!A22,"") -> BatteryFirmware | B24: =IF('DATI LOGICI'!B22<>"",'DATI LOGICI'!B22,"") -> 0 | C24: =IF('DATI LOGICI'!C22<>"",'DATI LOGICI'!C22,"") -> 13 | D24: =IF('DATI LOGICI'!D22<>"",'DATI LOGICI'!D22,"") -> uint32_t | E24: =IF('DATI LOGICI'!E22<>"",'DATI LOGICI'!E22,"") | F24: =IF('DATI LOGICI'!F22<>"",'DATI LOGICI'!F22,"") | G24: =IF('DATI LOGICI'!G22<>"",'DATI LOGICI'!G22,"") | H24: =IF('DATI LOGICI'!H22<>"",'DATI LOGICI'!H22,"") | I24: =IF('DATI LOGICI'!I22<>"",'DATI LOGICI'!I22,"") -> R
A25: =IF('DATI LOGICI'!A23<>"",'DATI LOGICI'!A23,"") -> BatterySerial | B25: =IF('DATI LOGICI'!B23<>"",'DATI LOGICI'!B23,"") -> 0 | C25: =IF('DATI LOGICI'!C23<>"",'DATI LOGICI'!C23,"") -> 14 | D25: =IF('DATI LOGICI'!D23<>"",'DATI LOGICI'!D23,"") -> uint32_t | E25: =IF('DATI LOGICI'!E23<>"",'DATI LOGICI'!E23,"") | F25: =IF('DATI LOGICI'!F23<>"",'DATI LOGICI'!F23,"") | G25: =IF('DATI LOGICI'!G23<>"",'DATI LOGICI'!G23,"") | H25: =IF('DATI LOGICI'!H23<>"",'DATI LOGICI'!H23,"") | I25: =IF('DATI LOGICI'!I23<>"",'DATI LOGICI'!I23,"") -> R
A26: =IF('DATI LOGICI'!A24<>"",'DATI LOGICI'!A24,"") -> Stato ingressi fisici | B26: =IF('DATI LOGICI'!B24<>"",'DATI LOGICI'!B24,"") -> 0 | C26: =IF('DATI LOGICI'!C24<>"",'DATI LOGICI'!C24,"") -> 15 | D26: =IF('DATI LOGICI'!D24<>"",'DATI LOGICI'!D24,"") -> uint32_t | E26: =IF('DATI LOGICI'!E24<>"",'DATI LOGICI'!E24,"") | F26: =IF('DATI LOGICI'!F24<>"",'DATI LOGICI'!F24,"") | G26: =IF('DATI LOGICI'!G24<>"",'DATI LOGICI'!G24,"") | H26: =IF('DATI LOGICI'!H24<>"",'DATI LOGICI'!H24,"") | I26: =IF('DATI LOGICI'!I24<>"",'DATI LOGICI'!I24,"") -> R
A27: =IF('DATI LOGICI'!A25<>"",'DATI LOGICI'!A25,"") -> Stato uscite fisiche | B27: =IF('DATI LOGICI'!B25<>"",'DATI LOGICI'!B25,"") -> 0 | C27: =IF('DATI LOGICI'!C25<>"",'DATI LOGICI'!C25,"") -> 16 | D27: =IF('DATI LOGICI'!D25<>"",'DATI LOGICI'!D25,"") -> uint32_t | E27: =IF('DATI LOGICI'!E25<>"",'DATI LOGICI'!E25,"") | F27: =IF('DATI LOGICI'!F25<>"",'DATI LOGICI'!F25,"") | G27: =IF('DATI LOGICI'!G25<>"",'DATI LOGICI'!G25,"") | H27: =IF('DATI LOGICI'!H25<>"",'DATI LOGICI'!H25,"") | I27: =IF('DATI LOGICI'!I25<>"",'DATI LOGICI'!I25,"") -> R
A29: DATI LOGICI O3ZTECH
A30: On | B30: 80 | C30: =DEC2HEX(0) -> 0 | D30: uint16_t | I30: RW | K30: Comando on
A31: Run | B31: 80 | C31: =DEC2HEX(HEX2DEC(C30)+1) -> 1 | D31: uint16_t | I31: RW | K31: Comando run
A32: O3 Reference | B32: 80 | C32: =DEC2HEX(HEX2DEC(C31)+1) -> 2 | D32: uint16_t | I32: RW | K32: Riferimento di ozono
A33: O3 Level | B33: 80 | C33: =DEC2HEX(HEX2DEC(C32)+1) -> 3 | D33: uint16_t | I33: R
A34: Isteresis Positive | B34: 80 | C34: =DEC2HEX(HEX2DEC(C33)+1) -> 4 | D34: uint16_t | I34: RW
A35: Isteresis Negative | B35: 80 | C35: =DEC2HEX(HEX2DEC(C34)+1) -> 5 | D35: uint16_t | I35: RW
A36: Manual | B36: 80 | C36: =DEC2HEX(HEX2DEC(C35)+1) -> 6 | D36: uint16_t | I36: RW
A37: Secondi | B37: 80 | C37: =DEC2HEX(HEX2DEC(C36)+1) -> 7 | D37: uint8_t | I37: R/W
A38: Minuti | B38: 80 | C38: =DEC2HEX(HEX2DEC(C37)+1) -> 8 | D38: uint8_t | I38: R/W
A39: Ore | B39: 80 | C39: =DEC2HEX(HEX2DEC(C38)+1) -> 9 | D39: uint8_t | I39: R/W
A40: Giorno | B40: 80 | C40: =DEC2HEX(HEX2DEC(C39)+1) -> A | D40: uint8_t | I40: R/W
A41: Mese | B41: 80 | C41: =DEC2HEX(HEX2DEC(C40)+1) -> B | D41: uint8_t | I41: RW
A42: Anno | B42: 80 | C42: =DEC2HEX(HEX2DEC(C41)+1) -> C | D42: uint8_t | I42: RW
A43: Timer trattamento | B43: 80 | C43: =DEC2HEX(HEX2DEC(C42)+1) -> D | D43: uint32_t | I43: R
A44: Tempo trattamento manuale | B44: 80 | C44: =DEC2HEX(HEX2DEC(C43)+1) -> E | D44: uint32_t | I44: RW
... A56: Pir2 | B56: 80 | C56: =DEC2HEX(HEX2DEC(C55)+1) -> 1A | D56: uint16_t | I56: R
A57: Set Boot Bridge | B57: 80 | C57: 1B | D57: uint8_t | I57: W
A58: Lingua in uso | B58: 80 | C58: 1C | D58: uint32_t | I58: RW | K58: 0 = inglese 1 = italiano 2 = francese 3 = tedesco 4 = spagnolo 5 = rumeno

Sheet DATI LOGICI HMI SPARK
A1: INDIRIZZI SCHEDE A CUI SI APPLICA QUESTO DIZIONARIO
A2: 0x000702C1
A3: HMI SPARK | B3: INDIRIZZO H+L (hex) | D3: TIPO | E3: FORMATO | F3: MINIMO | G3: MASSIMO | H3: UNITA' DI MISURA | I3: R/W | J3: Uso | K3: Significato | L3: Ubicazione in App | M3: Nome in App | N3: Aspetto in App | O3: Effetti in App
A4: DATI STANDARD
A5: =IF('DATI LOGICI'!A3<>"",'DATI LOGICI'!A3,"") -> Firmware macchina | B5: =IF('DATI LOGICI'!B3<>"",'DATI LOGICI'!B3,"") -> 0 | C5: =IF('DATI LOGICI'!C3<>"",'DATI LOGICI'!C3,"") -> 0 | D5: =IF('DATI LOGICI'!D3<>"",'DATI LOGICI'!D3,"") -> uint16_t | E5: =IF('DATI LOGICI'!E3<>"",'DATI LOGICI'!E3,"") -> 255.255 | F5: =IF('DATI LOGICI'!F3<>"",'DATI LOGICI'!F3,"") -> 0 | G5: =IF('DATI LOGICI'!G3<>"",'DATI LOGICI'!G3,"") -> 255.255 | H5: =IF('DATI LOGICI'!H3<>"",'DATI LOGICI'!H3,"") | I5: =IF('DATI LOGICI'!I3<>"",'DATI LOGICI'!I3,"") -> R
